Organization Name,Organization Name URL,Categories,CB Rank (Company),Number of Articles,Estimated Revenue Range,Number of Investments,Number of Lead Investments,Number of Exits,Number of Exits (IPO),Accelerator Program Type,Accelerator Duration (in weeks),Number of Alumni,Number of Enrollments,School Type,School Program,School Method,Number of Founders (Alumni),Headquarters Location,Number of Founders,Number of Employees,Founders,Number of Funding Rounds,Total Equity Funding Amount,Total Equity Funding Amount Currency,Total Equity Funding Amount Currency (in USD),Funding Status,Last Funding Date,Last Funding Amount,Last Funding Amount Currency,Last Funding Amount Currency (in USD),Last Funding Type,Last Equity Funding Amount,Last Equity Funding Amount Currency,Last Equity Funding Amount Currency (in USD),Last Equity Funding Type,Total Funding Amount,Total Funding Amount Currency,Total Funding Amount Currency (in USD),Top 5 Investors,Number of Lead Investors,Number of Investors,Number of Acquisitions,Acquisition Status,Transaction Name,Transaction Name URL,Acquired by,Acquired by URL,Announced Date,Announced Date Precision,Price,Price Currency,Price Currency (in USD),Acquisition Type,Acquisition Terms,IPO Status,IPO Date,Delisted Date,Delisted Date Precision,Money Raised at IPO,Money Raised at IPO Currency,Money Raised at IPO Currency (in USD),Valuation at IPO,Valuation at IPO Currency,Valuation at IPO Currency (in USD),Stock Symbol,Stock Symbol URL,Stock Exchange,Number of Events,CB Rank (Organization),CB Rank (School),Trend Score (7 Days),Trend Score (30 Days),Trend Score (90 Days),SimilarWeb - Monthly Visits,SimilarWeb - Average Visits (6 months),SimilarWeb - Monthly Visits Growth,SimilarWeb - Visit Duration,SimilarWeb - Visit Duration Growth,SimilarWeb - Page Views / Visit,SimilarWeb - Page Views / Visit Growth,SimilarWeb - Bounce Rate,SimilarWeb - Bounce Rate Growth,SimilarWeb - Global Traffic Rank,SimilarWeb - Monthly Rank Change (#),SimilarWeb - Monthly Rank Growth,BuiltWith - Active Tech Count,Apptopia - Number of Apps,Apptopia - Downloads Last 30 Days,Siftery - Total Products Active,IPqwery - Patents Granted,IPqwery - Trademarks Registered,IPqwery - Most Popular Patent Class,IPqwery - Most Popular Trademark Class,Aberdeen - IT Spend,Aberdeen - IT Spend Currency,Aberdeen - IT Spend Currency (in USD),Founded Date,Founded Date Precision,Exit Date,Exit Date Precision,Company Type,Investor Type,Investment Stage,Number of Portfolio Organizations,Accelerator Application Deadline,Category Groups
Zuellig Pharma China,https://www.crunchbase.com/organization/zuellig-pharma-china,"Health Care, Information Technology","80,478",4,,1,1,1,1,,,,,,,,,"Wanchai, Guangdong, China",,10001+,,,,,,M&A,,,,,,,,,,,,,,,,1,"Made Acquisitions, Was Acquired",Zuellig Pharma China acquired by Cardinal Health,https://www.crunchbase.com/acquisition/cardinal-health-acquires-zuellig-pharma-china--4e2bd4f1,Cardinal Health,https://www.crunchbase.com/organization/cardinal-health,2010-11-29,day,470000000,USD,470000000,Acquisition,,Private,,,,,,,,,,,,,,"84,156",,-0.3,4.4,4.5,"48,265","34,856.7",66.97%,490,19.18%,12.32,-10.53%,50.63%,3.15%,"497,713","-169,498",-25.4%,26,2,,10,,,,,,,,1922-01-01,year,2010-11-29,day,For Profit,,,1,,"Health Care, Information Technology"
Shenzhen UXUN Information Technology,https://www.crunchbase.com/organization/shenzhen-uxun-information-technology,Information Technology,"472,542",,,,,,,,,,,,,,,"Shenzhen, Guangdong, China",,,,,,,,M&A,,,,,,,,,,,,,,,,,Was Acquired,Shenzhen UXUN Information Technology acquired by Shenzhen Sunline Tech,https://www.crunchbase.com/acquisition/shenzhen-sunline-tech-acquires-shenzhen-uxun-information-technology--d9eb200e,Shenzhen Sunline Tech,https://www.crunchbase.com/organization/shenzhen-sunline-tech,2017-06-08,day,17880000,USD,17880000,Acquisition,,Private,,,,,,,,,,,,,,"506,066",,-0.3,0.6,2.1,464,672.12,-41.85%,120,"2,048.39%",2.2,-3.47%,36.91%,-7.35%,"16,502,696","4,054,968",32.58%,6,,,,,,,,,,,2009-01-01,year,2017-06-08,day,For Profit,,,,,Information Technology
Orbbec,https://www.crunchbase.com/organization/orbbec,"Artificial Intelligence, Information Technology, Robotics","7,530",4,,2,1,,,,,,,,,,,"Shenzhen, Guangdong, China",5,251-500,"Brad Long Liu, Huang Yuanhao, Joshua Blake, Luke Xiaolu Mei, Zhenzhong Xiao",1,200000000,USD,200000000,Late Stage Venture,2018-05-21,200000000,USD,200000000,Series D,200000000,USD,200000000,Series D,200000000,USD,200000000,"Ant Financial, Fosun RZ Capital, Green Pine Capital Partners, SAIF Partners, Sirius Capital",1,5,,,,,,,,,,,,,,Private,,,,,,,,,,,,,3,"7,805",,-0.4,-0.7,-0.3,"15,615","23,517.77",-29.41%,168,-47.59%,3.52,-27.72%,39.23%,11.52%,"1,493,973","449,547",43.04%,25,,,17,,,,,,,,2013-01-01,year,,,For Profit,,,2,,"Artificial Intelligence, Data and Analytics, Hardware, Information Technology, Science and Engineering, Software"
Codemao,https://www.crunchbase.com/organization/codemao,"Apps, E-Learning, Information Technology","8,378",,,,,,,,,,,,,,,"Shenzhen, Guangdong, China",2,501-1000,"Tianchi Li, Yue Sun",2,65000000,USD,65000000,Late Stage Venture,2018-05-25,47000000,USD,47000000,Series C,47000000,USD,47000000,Series C,65000000,USD,65000000,"Cheetah Mobile, CMB International Capital Corporation, Crystal Stream Capital, Green Pine Capital Partners, Hillhouse Capital Group",2,8,,,,,,,,,,,,,,Private,,,,,,,,,,,,,,"8,668",,0.4,-0.1,-0.5,"902,706","500,770.37",130.28%,258,-58%,4.91,-60.83%,30.28%,7.34%,"64,600","-16,073",-19.92%,18,2,"3,044",,,,,,,,,2015-01-01,year,,,,,,,,"Apps, Education, Information Technology, Software"
Xunlei,https://www.crunchbase.com/organization/kankan,"Blockchain, Cloud Computing, Information Technology, Software","12,005",26,,3,1,,,,,,,,,,,"Shenzhen, Guangdong, China",1,,Shenglong Zou,6,420400000,USD,420400000,IPO,2014-04-06,310000000,USD,310000000,Venture - Series Unknown,310000000,USD,310000000,Venture - Series Unknown,420400000,USD,420400000,"Google, IDG Capital, Morningside Venture Capital, Rupert Murdoch, Xiaomi",3,9,,,,,,,,,,,,,,Public,2014-07-03,,,87700000,USD,87700000,,,,XNET,https://www.crunchbase.com/ipo/kankan-ipo--77a6b651,NASDAQ,,"12,389",,-0.4,-0.9,-2.2,"10,352,775","9,944,916.7",-2.87%,99,1.78%,2.35,-4.24%,54.12%,-0.29%,"7,595",403,5.6%,25,4,,5,,,,,,,,2003-01-01,year,2014-07-03,day,For Profit,,,2,,"Information Technology, Internet Services, Software"
Laidian,https://www.crunchbase.com/organization/laidian,"Information Technology, Manufacturing, Mobile Devices","13,548",,,,,,,,,,,,,,,"Shenzhen, Guangdong, China",1,251-500,Bingsong Yuan,1,20000000,USD,20000000,Early Stage Venture,2017-04-06,20000000,USD,20000000,Series A,20000000,USD,20000000,Series A,20000000,USD,20000000,"Redpoint, SIG China (SIG Asia Investments)",2,2,,,,,,,,,,,,,,Private,,,,,,,,,,,,,,"13,977",,-0.2,-0.3,-0.5,"9,969","66,657.85",-10.12%,265,-44.75%,6.9,-39.46%,31.94%,10.67%,"1,672,351","337,616",25.29%,10,1,"24,259",,,,,,,,,2014-01-01,year,,,For Profit,,,,,"Consumer Electronics, Hardware, Information Technology, Manufacturing, Mobile"
Baturu Information Technology,https://www.crunchbase.com/organization/baturu-information-technology,"Automotive, B2B, Information Technology","13,872",,,,,,,,,,,,,,,"Guangzhou, Guangdong, China",2,251-500,"Zeng Wangui, Zhihui Jiang",4,115028902,USD,115028902,Late Stage Venture,2019-04-15,,,,Series C,,,,Series C,115028902,USD,115028902,"China Growth Capital, CICC, Eastern Bell Capital, Qifu Capital Management, Warburg Pincus",4,6,,,,,,,,,,,,,,Private,,,,,,,,,,,,,,"14,309",,-0.3,-1.5,2.3,,335.68,-100%,,,,,,,,,,4,,,,,,,,,,,2013-09-01,month,,,For Profit,,,,,"Information Technology, Transportation"
Candao,https://www.crunchbase.com/organization/candao,"Food and Beverage, Hospitality, Hotel, Information Technology, Restaurants, Retail, Travel","15,988",,,,,,,,,,,,,,,"Guangzhou, Guangdong, China",,,,1,100000000,CNY,14898122,Early Stage Venture,2019-04-16,100000000,CNY,14898122,Series A,100000000,CNY,14898122,Series A,100000000,CNY,14898122,"Beyond Ventures, Gaw Capital Partners, Hongkong Innovation and Technology Fund, Magic Capital",2,4,,,,,,,,,,,,,,Private,,,,,,,,,,,,,,"16,480",,-0.4,-2.2,9.8,"360,171","80,882.79",496.65%,51,-17.56%,1.55,-36.73%,41.77%,-15.23%,"243,335","-501,674",-67.34%,2,,,,,,,,,,,2014-01-01,year,,,For Profit,,,,,"Commerce and Shopping, Food and Beverage, Information Technology, Travel and Tourism"
Wondershare Software,https://www.crunchbase.com/organization/wondershare-software,"Computer, Information Technology, Software","16,789",9,$100M to $500M,1,,,,,,,,,,,,"Shenzhen, Guangdong, China",1,251-500,Tobee Wu,2,10000000,USD,10000000,Early Stage Venture,2011-06-01,10000000,USD,10000000,Series B,10000000,USD,10000000,Series B,10000000,USD,10000000,"IDG Capital, Sinowisdom",1,2,,,,,,,,,,,,,,Private,,,,,,,,,,,,,3,"17,301",,-0.2,-0.4,-0.1,"42,444,513","40,554,780.05",4.58%,124,-1%,1.72,-1.04%,72.06%,0.72%,"1,755",-36,-2.01%,53,20,"1,437,557",19,0,4,,Scientific and electric apparatus and instruments,,,,2003-10-09,day,,,For Profit,,,1,,"Consumer Electronics, Hardware, Information Technology, Software"
Jiatui Technology,https://www.crunchbase.com/organization/jiatui-technology,"Enterprise, Information Technology","19,481",,$1M to $10M,,,,,,,,,,,,,"Shenzhen, Guangdong, China",1,,Chao Peng,2,168000000,CNY,26340132,Early Stage Venture,2019-03-22,,,,Series B,,,,Series B,168000000,CNY,26340132,"IDG Capital, JD Digits, JD.com, Sequoia Capital China, Shenzhen Capital Group",3,7,,,,,,,,,,,,,,Private,,,,,,,,,,,,,,"20,068",,1,-0.2,-2.6,"169,141","37,532.69","1,959.73%",27,-90.01%,1.19,-65.98%,35.79%,-6.16%,"460,723","-1,869,725",-80.23%,3,,,,,,,,,,,2017-01-01,year,,,For Profit,,,,,Information Technology
Yunnex,https://www.crunchbase.com/organization/yunnex,"Information Services, Information Technology, Point of Sale","25,853",,,,,,,,,,,,,,,"Guangzhou, Guangdong, China",1,,Kai Su,3,80826841,USD,80826841,Early Stage Venture,2019-02-20,20000000,USD,20000000,Series B,20000000,USD,20000000,Series B,80826841,USD,80826841,"Ajisen Ramen, FH Capital, GSR Ventures, Hosen Capital",1,4,,,,,,,,,,,,,,Private,,,,,,,,,,,,,,"26,628",,-0.3,-0.5,-1.5,"44,816","118,589.72",-50.11%,"1,801",132.46%,24.33,112.73%,16.51%,3.76%,"392,793","98,449",33.45%,22,,,,,,,,,,,2012-01-01,year,,,For Profit,,,,,"Commerce and Shopping, Information Technology"
VoiceAI,https://www.crunchbase.com/organization/voiceai,"Artificial Intelligence, Information Technology, Robotics","25,950",,,,,,,,,,,,,,,"Shenzhen, Guangdong, China",,11-50,,1,10000000,CNY,1477847,Seed,2019-02-18,10000000,CNY,1477847,Seed,10000000,CNY,1477847,Seed,10000000,CNY,1477847,"Brizan Venture, Hong Kong X-Tech",1,2,,,,,,,,,,,,,,Private,,,,,,,,,,,,,,"26,730",,0.4,0,-1.3,"2,211","1,952.69",83.51%,257,141.43%,6.96,-3.94%,39.86%,28.52%,"4,956,345","-2,127,364",-30.03%,15,,,,,,,,,,,2016-01-01,year,,,For Profit,,,,,"Artificial Intelligence, Data and Analytics, Hardware, Information Technology, Science and Engineering, Software"
Youcheyihou.com,https://www.crunchbase.com/organization/youcheyihou-com,"Automotive, Information Technology, Mobile Apps","26,445",,,1,1,,,,,,,,,,,"Guangzhou, Guangdong, China",1,,Chenhua Xu,2,34076106,USD,34076106,Late Stage Venture,2019-01-01,200000000,CNY,29076106,Series D,200000000,CNY,29076106,Series D,34076106,USD,34076106,"Lan Fund, Oriental Fortune Capital, Plum Ventures, Tencent Holdings, ZhenFund",1,6,,,,,,,,,,,,,,Private,,,,,,,,,,,,,,"27,239",,0.4,-0.5,-0.9,"11,190","44,839.38",-35.13%,283,1.3%,3.8,14.78%,41.08%,-6.87%,"1,972,745","486,318",32.72%,11,2,"2,062",,,,,,,,,2014-01-01,year,,,For Profit,,,1,,"Apps, Information Technology, Mobile, Software, Transportation"
SequoiaDB,https://www.crunchbase.com/organization/sequoiadb,"Big Data, Database, Information Technology","26,595",2,,,,,,,,,,,,,,"Shenzhen, Guangdong, China",2,51-100,"Jordan Tang, Tao Wang",3,40000000,USD,40000000,Late Stage Venture,2018-09-19,20000000,USD,20000000,Series C,20000000,USD,20000000,Series C,40000000,USD,40000000,"DCM Ventures, Harvest Investments, Qiming Venture Partners",1,3,,,,,,,,,,,,,,Private,,,,,,,,,,,,,,"27,394",,-0.3,0.5,0.1,"10,083","11,158.76",-22.3%,181,24.75%,4.45,2.09%,43.77%,-7.91%,"1,862,200","332,410",21.73%,8,,,4,,,,,,,,2012-01-01,year,,,For Profit,,,,,"Data and Analytics, Information Technology, Software"
Careland,https://www.crunchbase.com/organization/careland,"Computer, CRM, Electronics, GPS, Information Technology, Public Transportation, Software, Telecommunications, Transportation","26,976",,,,,,,,,,,,,,,"Shenzhen, Guangdong, China",,501-1000,,3,42000000,USD,42000000,,2014-10-09,14000000,USD,14000000,Venture - Series Unknown,14000000,USD,14000000,Venture - Series Unknown,42000000,USD,42000000,"Fortune Venture Capital, SAIF Partners, Shenghuayang Venture Capital, Xiaomi",1,4,,,,,,,,,,,,,,Private,,,,,,,,,,,,,,"27,786",,-0.4,-0.3,-0.5,"28,141","129,306.55",-74.44%,103,-46.52%,2.75,-32.37%,30.93%,14.09%,"1,141,028","773,417",210.39%,14,7,"69,918",,,,,,,,,1999-01-01,year,,,For Profit,,,,,"Consumer Electronics, Hardware, Information Technology, Navigation and Mapping, Sales and Marketing, Software, Transportation"
LeiShen Intelligent System,https://www.crunchbase.com/organization/leishen-intelligent-system,"Hardware, Information Technology, Software","27,863",,,,,,,,,,,,,,,"Shenzhen, Guangdong, China",,11-50,,1,15800000,USD,15800000,Early Stage Venture,2018-04-10,15800000,USD,15800000,Series B,15800000,USD,15800000,Series B,15800000,USD,15800000,Fortune Capital,1,1,,,,,,,,,,,,,,Private,,,,,,,,,,,,,,"28,701",,-0.1,-0.1,-0.2,"1,180","2,091.25",-32.76%,173,-43.79%,2.58,-44.17%,22.64%,16.58%,,,,8,,,,0,0,,Scientific and electric apparatus and instruments,,,,,,,,,,,,,"Hardware, Information Technology, Software"
Whalehouse Technology,https://www.crunchbase.com/organization/whalehouse-technology,"Information Technology, Intelligent Systems, Logistics, Warehousing","28,057",1,,,,,,,,,,,,,,"Shenzhen, Guangdong, China",1,,Li Linzi,3,90000000,USD,90000000,Early Stage Venture,2018-12-01,75000000,USD,75000000,Series B,75000000,USD,75000000,Series B,90000000,USD,90000000,"Baidu Ventures, Empower Investment, GSR Ventures, YF Capital (Yunfeng Capital)",1,4,,,,,,,,,,,,,,Private,,,,,,,,,,,,,,"28,904",,-0.1,-0.3,-0.5,422,628.63,-65.16%,,,1,0%,100%,58.89%,"20,462,482","6,154,172",43.01%,2,,,,,,,,,,,2014-01-01,year,,,For Profit,,,,,"Artificial Intelligence, Data and Analytics, Information Technology, Science and Engineering, Transportation"
Xiaoman Technology,https://www.crunchbase.com/organization/xiao-man-technology,"B2B, Information Technology, Marketing, Service Industry","28,498",,$1M to $10M,,,,,,,,,,,,,"Shenzhen, Guangdong, China",3,51-100,"Boliang Wen, Shi Qiu, Tao Zhou",3,17401590,USD,17401590,Late Stage Venture,2018-01-04,10000000,USD,10000000,Series C,10000000,USD,10000000,Series C,17401590,USD,17401590,"01vc, China Growth Capital, Qiming Venture Partners",1,3,,,,,,,,,,,,,,Private,,,,,,,,,,,,,,"29,358",,1.3,-0.3,-0.2,"1,447,008","1,492,096.8",25.94%,"2,039",3.42%,22.69,-1.2%,10.89%,0.14%,"21,192","-3,872",-15.45%,19,2,"7,935",,,,,,,,,2013-03-01,month,,,For Profit,,,,,"Information Technology, Sales and Marketing"
Smarter Microelectronics,https://www.crunchbase.com/organization/smarter-microelectronics,"Electronics, Information Technology, Innovation Management, Manufacturing, Semiconductor","31,249",,$1M to $10M,,,,,,,,,,,,,"Guangzhou, Guangdong, China",,,,4,37100000,USD,37100000,Late Stage Venture,2019-01-30,,,,Series D,,,,Series D,37100000,USD,37100000,"China Renaissance, GF Xinde Investment Management, GSR Ventures, Vertex Ventures, Vertex Ventures China",4,7,,,,,,,,,,,,,,Private,,,,,,,,,,,,,,"32,187",,-0.3,-0.3,-0.7,"1,055",729.85,378.18%,111,,1.6,60.27%,59.83%,-40.17%,"11,858,789","-14,485,773",-54.99%,1,,,7,,,,,,,,2011-11-01,month,,,For Profit,,,,,"Consumer Electronics, Hardware, Information Technology, Manufacturing, Science and Engineering"
Malong Technologies,https://www.crunchbase.com/organization/malong-technologies,"Artificial Intelligence, Computer, Computer Vision, Information Technology, Machine Learning","32,827",7,$1M to $10M,,,,,,,,,,,,,"Shenzhen, Guangdong, China",2,101-250,"Dinglong Huang, Matt Scott",5,294000000,CNY,44309780,,2018-08-13,,,,Venture - Series Unknown,,,,Venture - Series Unknown,294000000,CNY,44309780,"Accenture, CITIC Capital Holdings, Greenwoods Asset Management, Jiangmen Venture Capital, SBCVC",2,6,,,,,,,,,,,,,,Private,,,,,,,,,,,,,5,"33,816",,-0.5,0.3,3.5,"25,126","27,721.11",12.16%,867,42.85%,10.1,28.76%,27.52%,1.1%,"860,792","-119,298",-12.17%,17,,,,,,,,,,,2014-01-01,year,,,For Profit,,,,,"Artificial Intelligence, Consumer Electronics, Data and Analytics, Hardware, Information Technology, Science and Engineering, Software"
Shuwei,https://www.crunchbase.com/organization/shuwei,"Information Technology, Internet, Manufacturing, Service Industry","34,866",,,,,,,,,,,,,,,"Shenzhen, Guangdong, China",,,,4,36502583,USD,36502583,Early Stage Venture,2018-11-09,28792721,USD,28792721,Series B,28792721,USD,28792721,Series B,36502583,USD,36502583,"Ant Financial, Fosun RZ Capital, Jiguang, Oriental Fortune Capital, SAIF Partners",5,6,,,,,,,,,,,,,,Private,,,,,,,,,,,,,,"35,931",,-0.2,-0.3,-0.3,,,,,,,,,,,,,,,,,,,,,,,,,,,,,,,,,"Information Technology, Internet Services, Manufacturing"
FlyPro,https://www.crunchbase.com/organization/flypro-b3e7,"Aerospace, Air Transportation, Information Technology, Robotics","36,149",1,$50M to $100M,,,,,,,,,,,,,"Shenzhen, Guangdong, China",1,251-500,Steve Chang,2,35500000,USD,35500000,Early Stage Venture,2016-03-28,23000000,USD,23000000,Series B,23000000,USD,23000000,Series B,35500000,USD,35500000,"Shenzhen Capital Group, Yihua Enterprise (Group)",2,2,,,,,,,,,,,,,,Private,,,,,,,,,,,,,,"37,250",,0.2,0.6,-0.6,"1,129",900.41,-29.43%,14,-9.37%,1.36,16.59%,85.27%,56.13%,"12,194,496","89,789",0.74%,14,6,,8,,,,,,,,2016-03-28,day,,,For Profit,,,,,"Hardware, Information Technology, Science and Engineering, Software, Transportation"
BGI Tech,https://www.crunchbase.com/organization/bgi-tech,"Bioinformatics, Biotechnology, Health Care, Information Technology, Life Science, Product Research","39,568",,$10M to $50M,,,,,,,,,,,,,"Shenzhen, Guangdong, China",,1001-5000,,1,1390000000,CNY,218213512,Private Equity,2012-06-01,1390000000,CNY,218213512,Private Equity,1390000000,CNY,218213512,Private Equity,1390000000,CNY,218213512,"China Everbright Investment Management, Greenwoods Asset Management, SBCVC, Sequoia Capital, YF Capital (Yunfeng Capital)",1,5,,,,,,,,,,,,,,Private,,,,,,,,,,,,,,"40,782",,0.1,0.9,-0.2,,,,,,,,,,,,,8,,,,,,,,,,,2012-01-01,year,,,For Profit,,,,,"Biotechnology, Data and Analytics, Design, Health Care, Information Technology, Science and Engineering"
ANNGIC (Shenzhen Anzhijie Technology Co.),https://www.crunchbase.com/organization/anngic-shenzhen-anzhijie-technology-co,"Electronics, Hardware, Information Technology, Manufacturing, Robotics, Sensor","43,797",,,,,,,,,,,,,,,"Shenzhen, Guangdong, China",,,,1,7271000,USD,7271000,Early Stage Venture,2018-08-13,7271000,USD,7271000,Series A,7271000,USD,7271000,Series A,7271000,USD,7271000,Fortune Capital,,1,,,,,,,,,,,,,,Private,,,,,,,,,,,,,,"45,160",,-0.1,-0.1,1.6,549,"1,203.63",-64.24%,11,-92.94%,2.84,-36.29%,69.37%,41.28%,"15,242,622","7,657,846",100.96%,5,,,,,,,,,,,2016-01-01,year,,,,,,,,"Consumer Electronics, Hardware, Information Technology, Manufacturing, Science and Engineering, Software"
Tianjin YangTian Technology,https://www.crunchbase.com/organization/tianjin-yangtian-technology,"Developer Platform, Information Technology, Robotics","50,433",,,,,,,,,,,,,,,"Tianjin, Guangdong, China",,,,1,7000000,USD,7000000,Early Stage Venture,2017-08-16,7000000,USD,7000000,Series A,7000000,USD,7000000,Series A,7000000,USD,7000000,"GSR Ventures, Lenovo Capital and Incubator Group (LCIG), Yinxinggu Capital",1,3,,,,,,,,,,,,,,Private,,,,,,,,,,,,,,"52,079",,0.6,1.9,3.5,283,282.8,53.42%,2,-47.59%,2.04,14.66%,73.92%,13.02%,"20,853,085","-4,465,467",-17.64%,13,,,,,,,,,,,2015-01-01,year,,,For Profit,,,,,"Hardware, Information Technology, Science and Engineering, Software"
SinoVision Technologies,https://www.crunchbase.com/organization/sinovision-technologies,"Information Technology, Medical, Pharmaceutical","51,506",,,,,,,,,,,,,,,"Shenzhen, Guangdong, China",,,,1,29000000,USD,29000000,,2017-09-05,29000000,USD,29000000,Venture - Series Unknown,29000000,USD,29000000,Venture - Series Unknown,29000000,USD,29000000,"Hg, Qiming Venture Partners",,2,,,,,,,,,,,,,,Private,,,,,,,,,,,,,,"53,206",,-0.3,-0.2,-0.5,168,553.54,-48.71%,263,200.2%,1.6,-49.87%,39.61%,16.85%,"26,634,343","8,975,951",50.83%,12,,,,,,,,,,,,,,,For Profit,,,,,"Health Care, Information Technology"
Reexen Technology,https://www.crunchbase.com/organization/reexen-technology,"Big Data, Information Technology, Software","51,636",,,,,,,,,,,,,,,"Shenzhen, Guangdong, China",1,11-50,Liu Hongjie,1,4500000,USD,4500000,Seed,2018-07-01,4500000,USD,4500000,Seed,4500000,USD,4500000,Seed,4500000,USD,4500000,Hongtai Capital Holdings,1,1,,,,,,,,,,,,,,Private,,,,,,,,,,,,,,"53,342",334,-0.2,0.2,-0.2,318,605.78,-55.4%,33,13.37%,6.15,25.81%,46.73%,46.73%,"15,446,848","4,637,557",42.9%,4,,,,,,,,,,,2018-06-01,month,,,For Profit,,,,,"Data and Analytics, Information Technology, Software"
StarPoint Technology,https://www.crunchbase.com/organization/starpoint-technology-starcart,"Information Services, Information Technology, IT Infrastructure, IT Management, Software","52,422",1,,,,,,,,,,,,,,"Guangzhou, Guangdong, China",,11-50,,1,100000000,CNY,15534463,Seed,2018-06-15,100000000,CNY,15534463,Seed,100000000,CNY,15534463,Seed,100000000,CNY,15534463,"Hunan Hi-Tech Venture Capital, Shenzhen Capital Group",,2,,,,,,,,,,,,,,Private,,,,,,,,,,,,,,"54,163",,-0.2,-0.3,-0.5,"1,570","1,054",110.49%,159,231.58%,3.69,71.63%,51.03%,-23.7%,"7,546,190","-5,557,484",-42.41%,2,,,,,,,,,,,,,,,For Profit,,,,,"Information Technology, Software"
Sublue Ocean Science & Technology,https://www.crunchbase.com/organization/sublue-ocean-science-technology,"Artificial Intelligence, Information Technology, Robotics","53,238",,,,,,,,,,,,,,,"Tianjin, Guangdong, China",,,,1,37581500,USD,37581500,Early Stage Venture,2018-07-11,37581500,USD,37581500,Series B,37581500,USD,37581500,Series B,37581500,USD,37581500,"Binhai Capital, Everest Venture Capital, VStar Capital",1,3,,,,,,,,,,,,,,Private,,,,,,,,,,,,,,"55,017",,0.6,0,-0.3,,,,,,,,,,,,,,1,,,,,,,,,,2013-01-01,year,,,,,,,,"Artificial Intelligence, Data and Analytics, Hardware, Information Technology, Science and Engineering, Software"
Datacloak,https://www.crunchbase.com/organization/datacloak,"Cyber Security, Information Technology, Security","53,288",,,,,,,,,,,,,,,"Shenzhen, Guangdong, China",,,,1,5000000,USD,5000000,Seed,2018-09-21,5000000,USD,5000000,Seed,5000000,USD,5000000,Seed,5000000,USD,5000000,Matrix Partners China,1,1,,,,,,,,,,,,,,Private,,,,,,,,,,,,,,"55,068",,-0.2,-0.1,-0.1,,"6,181.64",-100%,,,,,,,,,,5,,,,,,,,,,,2018-01-01,year,,,,,,,,"Information Technology, Privacy and Security"
Aibei Information Technology (Aibeiyun Billing),https://www.crunchbase.com/organization/aibei-information-technology-aibeiyun-billing,"Financial Services, Information Technology, Telecommunications","53,396",,,,,,,,,,,,,,,"Shenzhen, Guangdong, China",,,,1,10000000,CNY,1437583,,2018-11-13,10000000,CNY,1437583,Corporate Round,10000000,CNY,1437583,Corporate Round,10000000,CNY,1437583,,,,,,,,,,,,,,,,,Private,,,,,,,,,,,,,,"55,180",,2,0.4,2.2,"438,215","450,477.52",89.16%,102,309.57%,3.49,45.22%,9.44%,7.02%,"148,546","-112,476",-43.09%,18,,,,,,,,,,,,,,,,,,,,"Financial Services, Hardware, Information Technology"
Invengo Information Technology,https://www.crunchbase.com/organization/shenzhen-invengo-information-technology-co-ltd,"Enterprise Software, Information Technology, RFID","55,323",,,,,,,,,,,,,,,"Shenzhen, Guangdong, China",,1-10,,2,10129155,USD,10129155,IPO,2011-06-01,57780000,CNY,8919155,Undisclosed,57780000,CNY,8919155,Undisclosed,10129155,USD,10129155,Shenzhen Capital Group,,1,,,,,,,,,,,,,,Public,2007-08-31,,,,,,,,,002161,https://www.crunchbase.com/ipo/shenzhen-invengo-information-technology-co-ltd-ipo--05c02574,SHE,,"57,189",,-0.1,0.1,0.4,"2,748","13,366.2",14.47%,351,-8.79%,5.54,12.25%,58.86%,10.13%,"4,582,212","-352,782",-7.15%,8,,,,,,,,,,,1999-01-01,year,2007-08-31,day,,,,,,"Hardware, Information Technology, Software"
ZEALER,https://www.crunchbase.com/organization/zealer,"Electronics, Information Technology, News, Video","56,489",,$1M to $10M,,,,,,,,,,,,,"Shenzhen, Guangdong, China",1,51-100,Ziru Wang,1,2000000,CNY,314997,,2012-07-01,2000000,CNY,314997,Venture - Series Unknown,2000000,CNY,314997,Venture - Series Unknown,2000000,CNY,314997,Shunwei Capital,,1,,,,,,,,,,,,,,Private,,,,,,,,,,,,,,"58,416",,0.1,0.3,-0.3,"2,147,549","2,744,383.8",-22.8%,179,18.48%,3.08,17.6%,36.09%,-0.8%,"30,674","4,724",18.2%,23,,,4,,,,,,,,2006-01-01,year,,,For Profit,,,,,"Consumer Electronics, Content and Publishing, Hardware, Information Technology, Media and Entertainment, Video"
HaoStay,https://www.crunchbase.com/organization/haoedu-inc,"Education, Information Technology","57,077",,,,,,,,,,,,,,,"Shenzhen, Guangdong, China",1,11-50,Shih-Chieh Tao,3,3891511,USD,3891511,Seed,2018-10-16,2891511,USD,2891511,Seed,2891511,USD,2891511,Seed,3891511,USD,3891511,"Decent Capital, Viventures",1,2,,,,,,,,,,,,,,Private,,,,,,,,,,,,,,"59,030",,0.4,-0.1,-0.2,212,"1,636.22",-79.62%,78,134.81%,5,32.47%,,,"19,413,725","8,553,989",78.77%,17,2,,7,,,,,,,,2015-10-01,day,,,For Profit,,,,,"Education, Information Technology"
TONOT,https://www.crunchbase.com/organization/tonot,"Electronics, Hardware, Information Technology","57,543",,,,,,,,,,,,,,,"Shenzhen, Guangdong, China",,,,1,2907200,USD,2907200,Early Stage Venture,2018-08-13,2907200,USD,2907200,Series A,2907200,USD,2907200,Series A,2907200,USD,2907200,Bertelsmann Asia Investments,,1,,,,,,,,,,,,,,Private,,,,,,,,,,,,,,"59,519",,-0.1,-0.3,-0.5,132,"1,730.05",-2.15%,23,-79.7%,1.45,-42.38%,55.2%,5.63%,"29,344,679","2,691,824",10.1%,35,,,,,,,,,,,2017-01-01,year,,,,,,,,"Consumer Electronics, Hardware, Information Technology"
E-car Telematics,https://www.crunchbase.com/organization/e-car-telematics,"Information Technology, Internet","58,654",,,,,,,,,,,,,,,"Shenzhen, Guangdong, China",,,,1,40000000,CNY,6010839,Early Stage Venture,2017-10-07,40000000,CNY,6010839,Series A,40000000,CNY,6010839,Series A,40000000,CNY,6010839,,,,,,,,,,,,,,,,,Private,,,,,,,,,,,,,,"60,698",,0.4,0.1,-0.1,"155,108","52,494.17","12,520.74%",,,1,-69.08%,35.46%,-30.14%,"553,944","-8,413,985",-93.82%,11,10,7,,,,,,,,,,,,,,,,,,"Information Technology, Internet Services"
Westhouse,https://www.crunchbase.com/organization/westhouse,"Information Technology, Infrastructure, Software","62,470",,,,,,,,,,,,,,,"Zhuhai, Guangdong, China",,,,1,20000000,USD,20000000,,2014-02-16,20000000,USD,20000000,Undisclosed,20000000,USD,20000000,Undisclosed,20000000,USD,20000000,Xiaomi,1,1,,,,,,,,,,,,,,Private,,,,,,,,,,,,,1,"64,720",,0,0.6,2.9,"25,037","71,440.13",-11.64%,104,-35.61%,4.71,-24.03%,26.6%,10.19%,"957,261","207,654",27.7%,14,,,4,,,,,,,,1994-01-01,year,,,For Profit,,,,,"Information Technology, Software"
Inbilin,https://www.crunchbase.com/organization/inbilin,"Information Technology, Internet, iOS, Messaging, Mobile Apps, Private Social Networking, Social","63,711",,,,,,,,,,,,,,,"Panyu, Guangdong, China",,,,1,15000000,USD,15000000,Early Stage Venture,2014-06-05,15000000,USD,15000000,Series A,15000000,USD,15000000,Series A,15000000,USD,15000000,"Morningside Group, Qiming Venture Partners",,2,,,,,,,,,,,,,,Private,,,,,,,,,,,,,,"66,038",,-0.3,-0.5,-0.1,"53,223","36,166.67",55.28%,0,-99.83%,1,-11.32%,1.48%,-71.47%,"1,183,820","-417,591",-26.08%,1,,,4,,,,,,,,2013-01-01,year,,,For Profit,,,,,"Apps, Community and Lifestyle, Information Technology, Internet Services, Messaging and Telecommunications, Mobile, Platforms, Software"
Ruixiude,https://www.crunchbase.com/organization/ruixiude,"Automotive, Information Technology, Software","65,405",,,,,,,,,,,,,,,"Guangzhou, Guangdong, China",,,,2,15000000,CNY,2239140,Seed,2019-03-21,15000000,CNY,2239140,Seed,15000000,CNY,2239140,Seed,15000000,CNY,2239140,ZhenFund,,1,,,,,,,,,,,,,,Private,,,,,,,,,,,,,,"67,820",,-0.3,-0.6,-2.1,"1,354",225.77,,178,,3.54,,46.75%,,"8,844,060",,,5,,,,,,,,,,,,,,,For Profit,,,,,"Information Technology, Software, Transportation"
Hua Partners,https://www.crunchbase.com/organization/hua-partners,Information Technology,"68,075",,,4,,,,,,,,,,,,"Shenzhen, Guangdong, China",,,,1,15000000,CNY,2361364,Seed,2015-11-07,15000000,CNY,2361364,Seed,15000000,CNY,2361364,Seed,15000000,CNY,2361364,N5Capital,,1,,,,,,,,,,,,,,Private,,,,,,,,,,,,,,"70,705",,0.8,-0.2,-1.5,422,304.98,-36.02%,36,-95.81%,1.5,-74.78%,50.25%,50.25%,"18,747,870","8,044,104",75.15%,3,,,,,,,,,,,2015-03-03,day,,,,,,4,,Information Technology
UMEHEAL Ltd,https://www.crunchbase.com/organization/umeheal-ltd,"Health Care, Information Technology, Medical Device","69,034",,,,,,,,,,,,,,,"Shenzhen, Guangdong, China",,,,1,3000000,USD,3000000,Seed,2015-06-02,3000000,USD,3000000,Seed,3000000,USD,3000000,Seed,3000000,USD,3000000,TCL Communication Technology Holdings Limited,,1,,,,,,,,,,,,,,Private,,,,,,,,,,,,,,"71,736",,0.4,1.8,0.1,148,35.57,128.23%,,,1,0%,100%,0%,"30,012,010","-4,234,244",-12.36%,11,4,0,,,,,,,,,2015-06-02,day,,,,,,,,"Health Care, Information Technology"
Tuling Technologies,https://www.crunchbase.com/organization/tuling-technologies-shenzhen,"Finance, Financial Services, Information Technology","69,978",,,,,,,,,,,,,,,"Shenzhen, Guangdong, China",,,,1,2000000,USD,2000000,Seed,2016-02-16,2000000,USD,2000000,Angel,2000000,USD,2000000,Angel,2000000,USD,2000000,MindWorks Ventures,,1,,,,,,,,,,,,,,Private,,,,,,,,,,,,,,"72,754",,0.1,-0.3,2.3,,,,,,,,,,,,,4,,,,,,,,,,,2015-11-12,day,,,,,,,,"Financial Services, Information Technology"
Renqing Technology,https://www.crunchbase.com/organization/renqing-technology,"Digital Marketing, Information Technology, Mobile","73,271",,$10M to $50M,,,,,,,,,,,,,"Shenzhen, Guangdong, China",1,,Zhang Renqing,1,15900000,USD,15900000,Early Stage Venture,2018-04-16,15900000,USD,15900000,Series A,15900000,USD,15900000,Series A,15900000,USD,15900000,ABC Capital,1,1,,,,,,,,,,,,,,Private,,,,,,,,,,,,,,"76,326",,-0.3,0.1,0.2,"6,923","13,898.07",-65.94%,225,186.21%,4.45,2.84%,18.81%,-1.84%,"2,610,744","1,327,982",103.53%,7,,,,,,,,,,,,,,,,,,,,"Information Technology, Mobile, Sales and Marketing"
cheweiguanjia,https://www.crunchbase.com/organization/cheweiguanjia,"Apps, Housekeeping Service, Information Technology, Parking, Software","73,606",,,,,,,,,,,,,,,"Shenzhen, Guangdong, China",,,,1,15800000,USD,15800000,Early Stage Venture,2018-03-13,15800000,USD,15800000,Series A,15800000,USD,15800000,Series A,15800000,USD,15800000,Qianbao Holdings,1,1,,,,,,,,,,,,,,Private,,,,,,,,,,,,,,"76,678",,-0.2,-0.3,-0.4,"4,173","1,114.36",95.94%,374,9.09%,5.45,25.04%,31.53%,15.43%,"3,521,055","-2,694,791",-43.35%,4,5,,,,,,,,,,,,,,,,,,,"Administrative Services, Apps, Information Technology, Software, Transportation"
Zhuhai OmeSoft,https://www.crunchbase.com/organization/zhuhai-omesoft,"Hospitality, Information Technology, Medical, Mobile, Software","73,684",,,,,,,,,,,,,,,"Zhuhai, Guangdong, China",1,,Fangping He,1,2000000,CNY,304399,Seed,2011-03-01,2000000,CNY,304399,Angel,2000000,CNY,304399,Angel,2000000,CNY,304399,Shanda Capital,,1,,,,,,,,,,,,,,Private,,,,,,,,,,,,,,"76,764",,-0.2,0.4,-0.2,"3,967","2,268.23",-22.31%,12,278.03%,2,60.2%,0%,-21.15%,"6,336,218","316,358",5.26%,7,190,"26,256",3,,,,,,,,2007-08-01,month,,,For Profit,,,,,"Health Care, Information Technology, Mobile, Software, Travel and Tourism"
ChainHoo,https://www.crunchbase.com/organization/chainhoo,"Blockchain, Information Technology, News","75,057",,,,,,,,,,,,,,,"Shenzhen, Guangdong, China",,,,1,3200000,USD,3200000,Seed,2018-04-18,3200000,USD,3200000,Seed,3200000,USD,3200000,Seed,3200000,USD,3200000,,,,,,,,,,,,,,,,,Private,,,,,,,,,,,,,,"78,255",,-0.3,-0.4,1.7,"2,770","2,767.61",-14.16%,42,-11.66%,1.6,17.72%,63.36%,-20.02%,"7,003,827","525,554",8.11%,18,,,,,,,,,,,,,,,,,,,,"Content and Publishing, Information Technology, Media and Entertainment"
Chuangxinqizhi,https://www.crunchbase.com/organization/chuangxinqizhi,"Enterprise Applications, Enterprise Software, Information Technology, Internet, Software","75,913",,,,,,,,,,,,,,,"Shenzhen, Guangdong, China",,,,1,15700000,USD,15700000,Seed,2018-05-23,15700000,USD,15700000,Angel,15700000,USD,15700000,Angel,15700000,USD,15700000,"Chengwei Capital, Sinovation Ventures",1,2,,,,,,,,,,,,,,Private,,,,,,,,,,,,,,"79,178",,-0.2,-0.3,-0.4,,,,,,,,,,,,,,,,,,,,,,,,,,,,,,,,,"Apps, Information Technology, Internet Services, Software"
FEC Corp,https://www.crunchbase.com/organization/fec-corp,"Agriculture, AgTech, Analytics, Big Data, Information Technology, Internet, Software","81,018",,,,,,,,,,,,,,,"Shenzhen, Guangdong, China",,,,1,720420,USD,720420,Seed,2018-10-23,720420,USD,720420,Angel,720420,USD,720420,Angel,720420,USD,720420,Huaxu Investment,1,1,,,,,,,,,,,,,,Private,,,,,,,,,,,,,,"84,746",,0,-0.4,-0.3,506,455.73,,23,,2.21,,52.05%,,"16,422,162",,,6,,,,,,,,,,,,,,,,,,,,"Agriculture and Farming, Data and Analytics, Information Technology, Internet Services, Software"
QVOD Technology,https://www.crunchbase.com/organization/shenzhen-qvod-technology-co-ltd,"Information Technology, Software","81,146",3,,,,,,,,,,,,,,"Shenzhen, Guangdong, China",1,,Xin Wang,2,4000000,USD,4000000,,2011-01-01,,,,Venture - Series Unknown,,,,Venture - Series Unknown,4000000,USD,4000000,"Decent Capital, SAIF Partners",,2,,,,,,,,,,,,,,Private,,,,,,,,,,,,,,"84,885",,-0.3,-0.3,-0.4,"116,349","75,899",-24.71%,0,-97.59%,1.01,-0.03%,38.22%,5.06%,"681,061","156,698",29.88%,6,,,5,,,,,,,,,,,,,,,,,"Information Technology, Software"
Shenzhou Shanglong Technology,https://www.crunchbase.com/organization/tianjin-shenzhou-shanglong-technology,"Consulting, Enterprise Software, Information Technology","84,571",,,,,,,,,,,,,,,"Tianjin, Guangdong, China",,,,2,10000000,CNY,1632038,,2013-09-01,10000000,CNY,1632038,Venture - Series Unknown,10000000,CNY,1632038,Venture - Series Unknown,10000000,CNY,1632038,Shenzhen Capital Group,,1,,,,,,,,,,,,,,Private,,,,,,,,,,,,,,"88,610",,-0.2,0.9,-0.2,"7,196","8,834.77",-14.32%,147,-50.42%,2.94,-34.98%,46.8%,12.29%,"2,834,451","792,885",38.84%,7,,,,,,,,,,,,,,,,,,,,"Information Technology, Software"
SwiftPass Technologies,https://www.crunchbase.com/organization/swiftpass-technologies,"Information Technology, Internet, Mobile Payments, Payments, QR Codes","91,833",1,$10M to $50M,,,,,,,,,,,,,"Shenzhen, Guangdong, China",,501-1000,,,,,,,,,,,,,,,,,,,,,,,,,,,,,,,,,,,Private,,,,,,,,,,,,,2,"96,618",,0,0.8,-0.2,"249,566","284,392.83",31.16%,381,28.56%,3.91,-26.43%,21.21%,-5.44%,"214,905",406,0.19%,3,,,,,,,,,,,2013-01-01,year,,,For Profit,,,,,"Financial Services, Information Technology, Internet Services, Mobile, Payments, Software"
Zhongyiming Technology,https://www.crunchbase.com/organization/zhongyiming-technology,"Hardware, Information Technology","92,939",,,,,,,,,,,,,,,"Tianjin, Guangdong, China",,,,1,20000000,CNY,2944142,Early Stage Venture,2018-07-26,20000000,CNY,2944142,Series A,20000000,CNY,2944142,Series A,20000000,CNY,2944142,Tianjin Venture Capital,1,1,,,,,,,,,,,,,,Private,,,,,,,,,,,,,,"97,841",,-0.3,-0.5,-0.6,,,,,,,,,,,,,,,,,,,,,,,,2011-01-01,year,,,,,,,,"Hardware, Information Technology"
Jiumingzhu,https://www.crunchbase.com/organization/jiumingzhu,"Health Care, Information Technology, Robotics, Software","95,469",,,,,,,,,,,,,,,"Shenzhen, Guangdong, China",,,,1,4500000,USD,4500000,Early Stage Venture,2017-12-18,4500000,USD,4500000,Series A,4500000,USD,4500000,Series A,4500000,USD,4500000,Lingdu Capital,1,1,,,,,,,,,,,,,,Private,,,,,,,,,,,,,,"100,642",,0.9,-0.2,0.2,,,,,,,,,,,,,,,,,,,,,,,,,,,,,,,,,"Hardware, Health Care, Information Technology, Science and Engineering, Software"
Yaoshi Network Technology,https://www.crunchbase.com/organization/yaoshi-network-technology,"Information Technology, Internet","99,254",,,,,,,,,,,,,,,"Shenzhen, Guangdong, China",,,,1,1480000,USD,1480000,Seed,2019-01-10,1480000,USD,1480000,Angel,1480000,USD,1480000,Angel,1480000,USD,1480000,"Haichuanghui Capital, No.1 Business Enterprise",,2,,,,,,,,,,,,,,Private,,,,,,,,,,,,,,"104,792",,-0.3,-0.6,-0.6,,,,,,,,,,,,,,,,,,,,,,,,2018-01-01,year,,,,,,,,"Information Technology, Internet Services"
Shenzhen MR Photoelectricity,https://www.crunchbase.com/organization/shenzhen-mr-photoelectricity-co-ltd,"Enterprise, Information Technology, Manufacturing, Product Design, Sales, Software","101,274",,,,,,,,,,,,,,,"Shenzhen, Guangdong, China",,,,1,15000000,CNY,2381430,,2012-03-01,15000000,CNY,2381430,Undisclosed,15000000,CNY,2381430,Undisclosed,15000000,CNY,2381430,,,,,,,,,,,,,,,,,Private,,,,,,,,,,,,,,"107,058",,-0.2,-0.4,-0.6,,,,,,,,,,,,,,,,,,,,,,,,2006-05-01,day,,,,,,,,"Design, Information Technology, Manufacturing, Sales and Marketing, Software"
Shenzhen Jiedian Technology,https://www.crunchbase.com/organization/shenzhen-jiedian-technology,"Information Technology, Mobile Devices, Rental","105,634",,,,,,,,,,,,,,,"Shenzhen, Guangdong, China",,,,1,,,,,2017-05-05,,,,Undisclosed,,,,Undisclosed,,,,Jumei,1,1,,,,,,,,,,,,,,Private,,,,,,,,,,,,,,"111,867",,0,0.2,0,"4,615","22,128.79",17.26%,32,-67.96%,2.31,-6.4%,33.72%,21.55%,"4,107,966","-588,310",-12.53%,6,,,,,,,,,,,,,,,For Profit,,,,,"Commerce and Shopping, Consumer Electronics, Hardware, Information Technology, Mobile"
BLOCKCLOUD,https://www.crunchbase.com/organization/blockcloud,"Bitcoin, Blockchain, Cryptocurrency, Information Technology, Internet","114,100",,,,,,,,,,,,,,,"Shenzhen, Guangdong, China",1,,Dai Pan,4,,,,,2018-07-16,,,,Venture - Series Unknown,,,,Venture - Series Unknown,,,,"BlockVC, Consensus Lab, Elysium Venture Capital, Kosmos Capital, NEO Global Capital (NGC)",,7,,,,,,,,,,,,,,Private,,,,,,,,,,,,,,"121,272",,-0.1,-0.2,0.3,"14,089","9,692.08",-52.65%,37,-72.92%,1.72,-29.86%,38.64%,-16.03%,"2,275,627","1,211,956",113.94%,30,,,,,,,,,,,,,,,,,,,,"Financial Services, Information Technology, Internet Services, Payments, Software"
Guangzhou Yingzheng Information Technology,https://www.crunchbase.com/organization/guangzhou-yingzheng-information-technology,"Information Services, Information Technology, Software","117,676",,,,,,,,,,,,,,,"Guangzhou, Guangdong, China",1,101-250,Yongchao Wang,1,3000000,USD,3000000,Early Stage Venture,2009-10-01,3000000,USD,3000000,Series A,3000000,USD,3000000,Series A,3000000,USD,3000000,"CMHJ Partners, Ventech",,2,,,,,,,,,,,,,,Private,,,,,,,,,,,,,,"125,245",,-0.3,-0.2,-0.5,161,246.04,640.61%,14,,2,100%,,,"25,964,462","-11,001,477",-29.76%,2,,,,,,,,,,,2004-04-01,month,,,For Profit,,,,,"Information Technology, Software"
Shenzhen Tencent Computer Systems Company Limited,https://www.crunchbase.com/organization/shenzhen-tencent-computer-systems-company-limited,"Computer, Information Technology, Robotics","123,979",,,,,,,,,,,,,,,"Shenzhen, Guangdong, China",,,,,,,,,,,,,,,,,,,,,,,,,,,,,,,,,,,,,Private,,,,,,,,,,,,,,"132,215",,0.3,-0.1,-0.4,,,,,,,,,,,,,,231,"23,780,172",,,,,,,,,,,,,,,,,,"Consumer Electronics, Hardware, Information Technology, Science and Engineering, Software"
PAX Global Technology,https://www.crunchbase.com/organization/pax-global-technology,"Finance, Hardware, Information Technology, Marketplace, Point of Sale, Software","124,274",6,,,,,,,,,,,,,,"Wanchai, Guangdong, China",,501-1000,,1,20000000,USD,20000000,IPO,2009-03-01,20000000,USD,20000000,Series B,20000000,USD,20000000,Series B,20000000,USD,20000000,Hao Capital,,1,1,Made Acquisitions,,,,,,,,,,,,Public,2011-01-07,,,,,,,,,0327,https://www.crunchbase.com/ipo/pax-global-technology-ipo--d885cacb,HKG,5,"132,539",,-0.3,-0.2,-0.3,"1,445","1,903.28",28.7%,143,"8,412.65%",4.83,284.61%,25.7%,-48.73%,"7,708,733","-4,466,270",-36.68%,7,,,,,,,,,,,2000-01-01,year,2011-01-07,day,For Profit,,,,,"Commerce and Shopping, Financial Services, Hardware, Information Technology, Software"
Mall Parking,https://www.crunchbase.com/organization/mall-parking,"Automotive, Information Technology, Intelligent Systems, Parking","126,208",,,,,,,,,,,,,,,"Shenzhen, Guangdong, China",,,,1,12500000,USD,12500000,Early Stage Venture,2018-01-18,12500000,USD,12500000,Series B,12500000,USD,12500000,Series B,12500000,USD,12500000,Holdfound Group,1,1,,,,,,,,,,,,,,Private,,,,,,,,,,,,,,"134,702",,0.3,-0.3,-0.4,,,,,,,,,,,,,,,,,,,,,,,,,,,,,,,,,"Artificial Intelligence, Data and Analytics, Information Technology, Science and Engineering, Transportation"
Youibot,https://www.crunchbase.com/organization/youibot,"Autonomous Vehicles, Big Data, Information Technology, Mobile, Robotics","134,616",,,,,,,,,,,,,,,"Shenzhen, Guangdong, China",1,1-10,Zhao Wanqiu,1,,,,Seed,2017-08-01,,,,Seed,,,,Seed,,,,"HAX, SOSV",2,2,,,,,,,,,,,,,,Private,,,,,,,,,,,,,,"144,049",,1,0.6,0,558,333.07,160.99%,220,,3.35,235.43%,50.23%,-49.77%,"13,645,203","-13,029,879",-48.85%,5,,,,,,,,,,,2017-05-16,day,,,For Profit,,,,,"Data and Analytics, Hardware, Information Technology, Mobile, Science and Engineering, Software, Transportation"
Mingyuanyun,https://www.crunchbase.com/organization/mingyuanyun,"Enterprise, Information Technology, Software","137,373",,,2,2,,,,,,,,,,,"Shenzhen, Guangdong, China",,,,,,,,,,,,,,,,,,,,,,,,,,,,,,,,,,,,,Private,,,,,,,,,,,,,,"147,091",,6,6.8,6.8,"144,263","122,485.52",22.6%,790,-23.79%,13.21,-25.93%,15.37%,-5.32%,"186,254","-1,209",-0.64%,17,,,,,,,,,,,,,,,,,,2,,"Information Technology, Software"
Acsys Technologies,https://www.crunchbase.com/organization/acsys-technologies,"Consumer Electronics, Hardware, Information Technology","138,450",,,,,,,,,,,,,,,"Shenzhen, Guangdong, China",,51-100,,,,,,,,,,,,,,,,,,,,,,,,,,,,,,,,,,,Private,,,,,,,,,,,,,2,"148,290",,0.2,0,-0.2,"6,244","3,191.4",154.43%,96,-58.29%,2.06,-35.59%,41.08%,9.56%,"4,177,535","-2,285,869",-35.37%,28,,,,,,,,,,,1999-01-01,year,,,For Profit,,,,,"Consumer Electronics, Hardware, Information Technology"
Zhiyi Tech,https://www.crunchbase.com/organization/zhiyi-tech,"Artificial Intelligence, Education, Information Technology","148,812",,,,,,,,,,,,,,,"Shenzhen, Guangdong, China",3,11-50,"Jie Li, Weiqin Xie, Yinglun Zhu",,,,,,,,,,,,,,,,,,,,,,,,,,,,,,,,,,Private,,,,,,,,,,,,,,"159,714",,-0.2,-0.2,-0.1,,38.45,,,,,,,,,,,5,,,,,,,,,,,2017-05-18,day,,,For Profit,,,,,"Artificial Intelligence, Data and Analytics, Education, Information Technology, Science and Engineering, Software"
Dezan Shira & Associates,https://www.crunchbase.com/organization/dezan-shira-associates,"Consulting, Financial Services, Information Technology, Legal, Marketing","156,299",3,$10M to $50M,,,,,,,,,,,,,"Shenzhen, Guangdong, China",,251-500,,,,,,,,,,,,,,,,,,,,,,,,,,,,,,,,,,,Private,,,,,,,,,,,,,,"168,018",,0,2.5,-0.1,"56,502","47,336.98",-61.17%,165,173.26%,2.48,-20.53%,51.4%,16.27%,"784,628","444,081",130.4%,21,,,,,,,,,,,1992-01-01,year,,,,,,,,"Financial Services, Information Technology, Professional Services, Sales and Marketing"
Zhongzheng Information Technology,https://www.crunchbase.com/organization/zhongzheng-information-technology,"Graphic Design, Information Technology, Smart Building","158,094",,,,,,,,,,,,,,,"Shenzhen, Guangdong, China",,,,1,,,,Early Stage Venture,2019-05-10,,,,Series B,,,,Series B,,,,Northern Light Venture Capital,,1,,,,,,,,,,,,,,Private,,,,,,,,,,,,,,"169,998",,-0.4,0,8.3,249,292.48,,,,1,,100%,,"25,190,258",,,5,,,,,,,,,,,2015-01-01,year,,,For Profit,,,,,"Design, Information Technology, Real Estate"
Qinlin Technology,https://www.crunchbase.com/organization/qinlin-technology,"Communities, Consumer, Information Technology, Internet, Internet of Things","160,463",,,,,,,,,,,,,,,"Shenzhen, Guangdong, China",,,,2,,,,Early Stage Venture,2019-04-01,,,,Series B,,,,Series B,,,,"Shangshi Fund, Xiaomi",2,2,,,,,,,,,,,,,,Private,,,,,,,,,,,,,,"172,557",,-0.1,-0.6,8.3,"20,369","21,209.24",-16.69%,"1,537",1.45%,37.64,2.67%,6.83%,-5.03%,"599,051","106,275",21.57%,16,,,,,,,,,,,2015-01-01,year,,,For Profit,,,,,"Community and Lifestyle, Information Technology, Internet Services"
Honpe Prototyping,https://www.crunchbase.com/organization/honpe-technology-shenzhen-co,"Information Technology, Manufacturing","164,201",,,,,,,,,,,,,,,"Shenzhen, Guangdong, China",,501-1000,,,,,,,,,,,,,,,,,,,,,,,,,,,,,,,,,,,Private,,,,,,,,,,,,,2,"176,626",,-0.2,-0.1,2.9,177,525.04,-43.91%,13,-88.56%,2.75,4.27%,0%,-80.54%,"27,045,836","8,124,817",42.94%,10,1,,,,,,,,,,2006-01-01,year,,,For Profit,,,,,"Information Technology, Manufacturing"
Tuputech,https://www.crunchbase.com/organization/tuputech,"Artificial Intelligence, Image Recognition, Information Technology, Internet","165,420",,,,,,,,,,,,,,,"Guangzhou, Guangdong, China",1,,Mingqiang Lee,,,,,,,,,,,,,,,,,,,,,,,,,,,,,,,,,,Private,,,,,,,,,,,,,,"177,967",,0.8,0,0,113,359.09,-71.31%,,,1,-37%,100%,10.62%,,,,33,,,,,,,,,,,,,,,For Profit,,,,,"Artificial Intelligence, Data and Analytics, Information Technology, Internet Services, Science and Engineering, Software"
OneThing Technologies,https://www.crunchbase.com/organization/onething-technologies,"Blockchain, Information Technology","172,506",5,,,,,,,,,,,,,,"Shenzhen, Guangdong, China",1,,Lei Chen,,,,,,,,,,,,,,,,,,,,,,,,,,,,,,,,,,Private,,,,,,,,,,,,,1,"185,736",,-0.1,1,-0.6,"3,185","4,433.67",-17.33%,116,24.46%,2.66,6.67%,40.63%,-15.94%,"5,615,366","1,075,171",23.68%,1,,,,,,,,,,,,,,,For Profit,,,,,Information Technology
Ipro Technology Co. Ltd,https://www.crunchbase.com/organization/ipro-technology-co-ltd,"Computer, Consumer Electronics, CRM, Information Technology, Software","174,389",,$100M to $500M,,,,,,,,,,,,,"Shenzhen, Guangdong, China",,1001-5000,,,,,,,,,,,,,,,,,,,,,,,,,,,,,,,,,,,Private,,,,,,,,,,,,,1,"187,798",,-0.1,0.1,1.8,"88,484","91,229.32",-0.86%,158,4.32%,1.47,-3.16%,74.64%,0.65%,"687,246","48,211",7.54%,2,,,,,,,,,,,,,,,,,,,,"Consumer Electronics, Hardware, Information Technology, Sales and Marketing, Software"
Viatom Technology,https://www.crunchbase.com/organization/viatom-technology,"Consumer Electronics, Hardware, Health Care, Information Technology, Medical Device","179,046",,,,,,,,,,,,,,,"Shenzhen, Guangdong, China",,,,,,,,,,,,,,,,,,,,,,,,,,,,,,,,,,,,,Private,,,,,,,,,,,,,,"192,851",,0.8,2.3,1.5,"5,787","7,479.13",61.82%,153,-9.22%,5.99,44.81%,13.7%,-33.46%,"2,719,929","-1,441,066",-34.63%,31,,,,,,,,,,,,,,,For Profit,,,,,"Consumer Electronics, Hardware, Health Care, Information Technology"
Genlot,https://www.crunchbase.com/organization/genlot,"E-Commerce, Information Technology, Software","182,726",,,,,,,,,,,,,,,"Shenzhen, Guangdong, China",,,,2,,,,Early Stage Venture,2007-03-01,,,,Series B,,,,Series B,,,,"Intel Capital, JAFCO Asia, KTB Ventures, Sequoia Capital, SIG China (SIG Asia Investments)",,6,,,,,,,,,,,,,,Private,,,,,,,,,,,,,,"196,870",,-0.3,0.2,0,125,331.74,-76.53%,26,-95.68%,1.41,-54.18%,58.78%,-11.47%,"30,001,544","15,813,192",111.45%,4,,,0,,,,,,,,2000-01-01,year,,,,,,,,"Commerce and Shopping, Information Technology, Software"
Spacetouch,https://www.crunchbase.com/organization/spacetouch,Information Technology,"184,889",,,,,,,,,,,,,,,"Zhuhai, Guangdong, China",,,,1,,,,Early Stage Venture,2019-03-21,,,,Series A,,,,Series A,,,,Volcanics Venture,1,1,,,,,,,,,,,,,,Private,,,,,,,,,,,,,,"199,212",,-0.2,-0.1,-1.2,297,415.26,-61.64%,25,-97.25%,1.9,-68.58%,50%,50%,"20,735,385","10,478,682",102.16%,4,,,,,,,,,,,2017-01-01,year,,,For Profit,,,,,Information Technology
Parblo,https://www.crunchbase.com/organization/parblo,"3D Technology, Architecture, Art, Human Computer Interaction, Industrial, Information Technology","187,310",2,,,,,,,,,,,,,,"Shenzhen, Guangdong, China",,,,,,,,,,,,,,,,,,,,,,,,,,,,,,,,,,,,,Private,,,,,,,,,,,,,1,"201,877",,-0.4,0.8,3.2,"69,359","76,135.22",-10.23%,139,-9.37%,2.85,-1.85%,44.81%,-8.74%,"585,200","63,303",12.13%,8,,,,,,,,,,,2015-01-01,year,,,For Profit,,,,,"Design, Hardware, Information Technology, Media and Entertainment, Real Estate, Science and Engineering, Software"
Gödel Labs,https://www.crunchbase.com/organization/gödel-labs,"Blockchain, Information Services, Information Technology","189,639",,,1,,,,,,,,,,,,"Guangzhou Shi, Guangdong, China",1,11-50,Roy Zou,1,,,,Seed,2018-01-01,,,,Seed,,,,Seed,,,,,,,,,,,,,,,,,,,,Private,,,,,,,,,,,,,,"204,411",,1.7,1.8,3.4,632,278.86,-22.17%,291,15.69%,1.58,-57.96%,70.98%,-3.2%,"16,343,677","4,780,954",41.35%,5,,,,,,,,,,,2017-11-01,day,,,For Profit,,,1,,Information Technology
Shenzhen Longsys Electronics,https://www.crunchbase.com/organization/shenzhen-longsys-electronics,"Electronics, Hardware, Information Technology, Software","191,286",,,1,,,,,,,,,,,,"Shenzhen, Guangdong, China",,251-500,,,,,,,,,,,,,,,,,,,,,,1,Made Acquisitions,,,,,,,,,,,,Private,,,,,,,,,,,,,2,"206,196",,0,0.6,1.9,"45,373","58,460.37",7.59%,701,-24.54%,13.29,-11.67%,15.15%,9.15%,"510,628","36,816",7.77%,2,,,,6,6,Computing; Calculating,Scientific and electric apparatus and instruments,,,,1999-01-01,year,,,For Profit,,,1,,"Consumer Electronics, Hardware, Information Technology, Software"
Jingwei Investments,https://www.crunchbase.com/organization/jingwei-investments,"Analytics, Information Technology, Marketing, Software","191,792",3,,6,3,,,,,,,,,,,"Shenzhen, Guangdong, China",,1-10,,,,,,IPO,,,,,,,,,,,,,,,,1,Made Acquisitions,,,,,,,,,,,,Delisted,2012-05-08,,none,,,,,,,JNGW,https://www.crunchbase.com/ipo/jingwei-investments-ipo--31b6cb00,OTCBB,,"206,749",,-0.2,-0.2,-0.1,,,,,,,,,,,,,5,,,,,,,,,,,,,2012-05-08,day,For Profit,,,6,,"Data and Analytics, Information Technology, Sales and Marketing, Software"
Particle Accelerator Limited,https://www.crunchbase.com/organization/particle-accelerator-limited,Information Technology,"196,623",,,,,,,,,,,,,,,"Shenzhen, Guangdong, China",1,11-50,Mingles Tsoi,,,,,,,,,,,,,,,,,,,,,,,,,,,,,,,,,,Private,,,,,,,,,,,,,,"211,995",,-0.2,-0.3,-0.2,208,456.33,-61.89%,0,-99.11%,1.29,-79.15%,71.42%,34%,"25,691,079","13,387,986",108.82%,19,,,,,,,,,,,2017-10-01,month,,,For Profit,,,,,Information Technology
Dreamshare Network Technology,https://www.crunchbase.com/organization/dreamshare-network-technology,"Information Technology, Mobile","198,469",,,,,,,,,,,,,,,"Guangzhou, Guangdong, China",,,,1,,,,Early Stage Venture,2019-04-02,,,,Series B,,,,Series B,,,,"Fosun RZ Capital, Haitong Leading Capital Management, Jiguang, Mandra Capital",2,4,,,,,,,,,,,,,,Private,,,,,,,,,,,,,,"214,001",,-0.4,-0.9,7.8,"4,550","3,130.17",99.77%,"1,077",70.32%,9.84,-64.75%,24.93%,-25.43%,"2,778,623","14,335",0.52%,10,,,,,,,,,,,2014-01-01,year,,,For Profit,,,,,"Information Technology, Mobile"
Qihan,https://www.crunchbase.com/organization/qihan,"Analytics, Artificial Intelligence, Electronics, Information Technology, Manufacturing","200,485",1,$50M to $100M,,,,,,,,,,,,,"Shenzhen, Guangdong, China",,251-500,,,,,,,,,,,,,,,,,,,,,,,,,,,,,,,,,,,Private,,,,,,,,,,,,,,"216,181",,0,-0.3,0.1,"1,657","3,538.28",-55.46%,171,35.08%,4.4,28.9%,12.84%,-8.57%,"7,075,562","2,744,674",63.37%,9,53,,,,,,,,,,2006-01-01,year,,,For Profit,,,,,"Artificial Intelligence, Consumer Electronics, Data and Analytics, Hardware, Information Technology, Manufacturing, Science and Engineering, Software"
Shenzhen Ronghui Tongjin Technology,https://www.crunchbase.com/organization/shenzhen-ronghui-tongjin-technology,"Financial Exchanges, Information Technology","203,365",,,,,,,,,,,,,,,"Shenzhen, Guangdong, China",,,,,,,,M&A,,,,,,,,,,,,,,,,,Was Acquired,Shenzhen Ronghui Tongjin Technology acquired by Hong Kong Exchanges,https://www.crunchbase.com/acquisition/hong-kong-exchanges-acquires-shenzhen-ronghui-tongjin-technology--2ecb8433,Hong Kong Exchanges,https://www.crunchbase.com/organization/hong-kong-exchanges,2019-02-20,day,,,,Acquisition,,Private,,,,,,,,,,,,,,"219,321",,0,-0.2,-1.4,,,,,,,,,,,,,,,,,,,,,,,,,,2019-02-20,day,,,,,,"Financial Services, Information Technology, Lending and Investments"
Yimian Data,https://www.crunchbase.com/organization/yimian-data,"Big Data, Consumer Goods, Information Technology, Software","209,887",,,,,,,,,,,,,,,"Shenzhen, Guangdong, China",,51-100,,,,,,,,,,,,,,,,,,,,,,,,,,,,,,,,,,,Private,,,,,,,,,,,,,1,"226,416",,-0.2,-0.4,-0.9,"30,268","34,220.26",-2.72%,"1,465",27.78%,17.56,4.59%,12.15%,-5.28%,"597,808","30,997",5.47%,27,,,,,,,,,,,2014-05-23,day,,,For Profit,,,,,"Consumer Goods, Data and Analytics, Information Technology, Software"
Linsation Intelligent Technology Limited,https://www.crunchbase.com/organization/linsation-intelligent-technology-limited,"Health Care, Information Technology, Software","210,429",,,,,,,,,,,,,,,"Shenzhen, Guangdong, China",1,1-10,Po Hsun Sung,,,,,,,,,,,,,,,,,,,,,,,,,,,,,,,,,,Private,,,,,,,,,,,,,,"227,011",,-0.2,-0.2,-0.7,,75.01,-100%,,,,,,,,,,6,,,,,,,,,,,2017-09-19,day,,,For Profit,,,,,"Health Care, Information Technology, Software"
Comtech,https://www.crunchbase.com/organization/comtech,Information Technology,"212,593",,,,,,,,,,,,,,,"Shenzhen, Guangdong, China",1,,Jeffrey Kang,,,,,,,,,,,,,,,,,,,,,,,,,,,,,,,,,,Private,,,,,,,,,,,,,1,"229,328",,-0.2,-0.5,0.4,"2,508","3,609.92",-23.76%,99,-9.48%,2.32,-19.33%,24.68%,-11.13%,"6,522,502","1,635,158",33.46%,6,,,,,,,,,,,1995-01-01,year,,,For Profit,,,,,Information Technology
SDMC,https://www.crunchbase.com/organization/sdmc,"Computer, Electronics, Information Technology, Manufacturing, Software","215,857",1,$10M to $50M,,,,,,,,,,,,,"Shenzhen, Guangdong, China",,101-250,,,,,,,,,,,,,,,,,,,,,,,,,,,,,,,,,,,Private,,,,,,,,,,,,,2,"232,852",,-0.4,2.8,1.5,"22,720","41,534.87",23.5%,62,132.55%,1.65,19.89%,60.04%,7.36%,,,,4,,,,,,,,,,,2003-10-01,day,,,For Profit,,,,,"Consumer Electronics, Hardware, Information Technology, Manufacturing, Software"
"Quality Technology Industrial Co., Ltd",https://www.crunchbase.com/organization/quality-technology-industrial-co-ltd,"Electronics, Hardware, Information Technology, Manufacturing","225,139",,,,,,,,,,,,,,,"Shenzhen, Guangdong, China",,,,,,,,,,,,,,,,,,,,,,,,,,,,,,,,,,,,,Private,,,,,,,,,,,,,1,"242,928",,0.8,5.1,3.8,,237.98,-100%,,,,,,,,,,1,,,,,,,,,,,,,,,,,,,,"Consumer Electronics, Hardware, Information Technology, Manufacturing"
Qingzhi,https://www.crunchbase.com/organization/qingzhi,"Automotive, Information Technology, Logistics, Manufacturing, Robotics","231,171",,,,,,,,,,,,,,,"Tianjin, Guangdong, China",,,,1,,,,Seed,2017-06-01,,,,Angel,,,,Angel,,,,"Harmony Fund, Legend Star, Northern Light Venture Capital",3,3,,,,,,,,,,,,,,Private,,,,,,,,,,,,,,"249,424",,0.9,0.1,1,651,365.04,109.16%,76,204.29%,4.41,159.14%,0%,-77.09%,"11,922,473","-9,093,862",-43.27%,2,,,,,,,,,,,2016-01-01,year,,,For Profit,,,,,"Hardware, Information Technology, Manufacturing, Science and Engineering, Software, Transportation"
Eastcompeace Technology Co Ltd,https://www.crunchbase.com/organization/eastcompeace-smart-card-co,Information Technology,"231,489",,,,,,,,,,,,,,,"Zhuhai, Guangdong, China",,11-50,,,,,,IPO,,,,,,,,,,,,,,,,,,,,,,,,,,,,,Public,2004-07-23,,,,,,,,,002017,https://www.crunchbase.com/ipo/eastcompeace-smart-card-co-ipo--f090f95b,SHE,1,"249,759",,0.2,0.4,0.5,"7,388","25,133.68",-41.42%,258,29.25%,9.51,17.39%,13.8%,1.1%,"1,919,088","525,784",37.74%,11,,,,,,,,,,,1998-01-01,year,2004-07-23,day,For Profit,,,,,Information Technology
Action Technologies,https://www.crunchbase.com/organization/action-technologies-co-limited,Information Technology,"240,293",,,,,,,,,,,,,,,"Shenzhen, Guangdong, China",,,,,,,,,,,,,,,,,,,,,,,,,,,,,,,,,,,,,Private,,,,,,,,,,,,,6,"259,252",,0.6,1.8,-0.1,"3,116","3,417.04",-7.8%,82,408.17%,2.23,64.29%,31.93%,-15.46%,"6,078,944","-1,352,328",-18.2%,8,,,,,,,,,,,,,,,For Profit,,,,,Information Technology
Inveno,https://www.crunchbase.com/organization/inveno,"Content Delivery Network, E-Commerce, Information Technology, Mobile, Real Time","244,994",,$10M to $50M,,,,,,,,,,,,,"Shenzhen, Guangdong, China",1,1-10,Tomsin Tung,2,,,,Early Stage Venture,2014-07-07,,,,Series A,,,,Series A,,,,"Decent Capital, Fortune Venture Capital, Fosun RZ Capital",,3,,,,,,,,,,,,,,Private,,,,,,,,,,,,,,"264,324",,-0.3,-0.5,-1.2,989,731.34,-27.99%,58,373.81%,2.08,13.75%,64.21%,15.57%,"11,471,839","1,596,321",16.16%,6,4,,,,,,,,,,2010-06-06,day,,,For Profit,,,,,"Commerce and Shopping, Content and Publishing, Information Technology, Mobile"
HedgeBank,https://www.crunchbase.com/organization/hedgebank,"FinTech, Information Technology, Internet, Internet of Things","254,275",,,,,,,,,,,,,,,"Guangzhou, Guangdong, China",,,,1,,,,,2018-11-14,,,,Corporate Round,,,,Corporate Round,,,,ZB Capital,1,1,,,,,,,,,,,,,,Private,,,,,,,,,,,,,,"274,319",,-0.4,-0.6,-0.1,"1,939","7,210.34",-70%,584,-28.86%,7.45,-37.56%,39.46%,21.84%,"5,172,611","3,149,057",155.62%,10,,,,,,,,,,,,,,,,,,,,"Financial Services, Information Technology, Internet Services"
ANENDA,https://www.crunchbase.com/organization/anenda,"Computer, Information Technology, Manufacturing, Wearables","255,814",,,,,,,,,,,,,,,"Shenzhen, Guangdong, China",,,,,,,,,,,,,,,,,,,,,,,,,,,,,,,,,,,,,Private,,,,,,,,,,,,,1,"275,965",,-0.3,1.9,-0.2,212,124.8,,5,,2,,,,"23,450,807",,,10,,,,,,,,,,,,,,,For Profit,,,,,"Consumer Electronics, Hardware, Information Technology, Manufacturing"
Wbiao Technology,https://www.crunchbase.com/organization/wbiao-technology,"Information Technology, Internet","255,993",,,,,,,,,,,,,,,"Guangzhou, Guangdong, China",,,,1,,,,Seed,2012-12-01,,,,Angel,,,,Angel,,,,Empower Investment,,1,,,,,,,,,,,,,,Private,,,,,,,,,,,,,,"276,154",,-0.4,-0.2,-0.3,"1,592,127","1,292,528.15",5.34%,112,-10%,3.15,31.54%,40.77%,-4.36%,"45,672","-7,952",-14.83%,16,7,266,,,,,,,,,,,,,For Profit,,,,,"Information Technology, Internet Services"
Bitpower,https://www.crunchbase.com/organization/bitpower,"Consulting, Information Technology, Software","257,993",1,,,,,,,,,,,,,,"Shenzhen, Guangdong, China",2,,"Liang Chen, Wei Huang",1,,,,,2017-01-12,,,,Non-equity Assistance,,,,,,,,Microsoft Accelerator Beijing,,1,,,,,,,,,,,,,,Private,,,,,,,,,,,,,,"278,291",,-0.1,-0.2,-0.1,486,965.21,-74.7%,221,47.25%,4.13,41%,43.8%,0.83%,"13,867,639","6,508,690",88.45%,15,,,,,,,,,,,,,,,For Profit,,,,,"Information Technology, Software"
SemiTrip,https://www.crunchbase.com/organization/semitrip,"Information Services, Information Technology","258,785",,,,,,,,,,,,,,,"Guangzhou, Guangdong, China",1,11-50,Lijian Zhou,1,,,,Seed,2018-06-06,,,,Angel,,,,Angel,,,,"Cowin Capital, Horn Fund",1,2,,,,,,,,,,,,,,Private,,,,,,,,,,,,,,"279,143",,-0.1,-0.4,-0.1,233,178.96,75.19%,12,-96.68%,3,-45.24%,,,"20,840,293","-2,275,939",-9.85%,6,,,,,,,,,,,2016-01-01,year,,,For Profit,,,,,Information Technology
Powerleader Science & Technology Group Limited,https://www.crunchbase.com/organization/powerleader-science-technology-group-limited,"Cloud Computing, Information Technology, Professional Services","261,375",,$500M to $1B,,,,,,,,,,,,,"Shenzhen, Guangdong, China",2,,"Ruijie Li, Yunxia Zhang",,,,,,,,,,,,,,,,,,,,,,,,,,,,,,,,,,Private,,,,,,,,,,,,,,"281,928",,-0.1,0,1.9,"21,744","26,190.22",5.71%,844,12.51%,14.18,12.84%,16.86%,10.79%,"789,992","-4,657",-0.59%,6,,,,,,,,,,,1997-01-01,year,,,For Profit,,,,,"Information Technology, Internet Services, Software"
Zhuhai XH Smartcard,https://www.crunchbase.com/organization/zhuhai-xh-smartcard,"Information Technology, Internet","269,429",,$10M to $50M,,,,,,,,,,,,,"Zhuhai, Guangdong, China",,251-500,,,,,,,,,,,,,,,,,,,,,,,,,,,,,,,,,,,Private,,,,,,,,,,,,,1,"290,530",,-0.2,-0.3,1.3,421,"12,734.49",9.19%,110,99.36%,3.39,-5.81%,80.52%,71.28%,"16,941,442","652,627",4.01%,12,,,,,,,,,,,2011-01-01,year,,,,,,,,"Information Technology, Internet Services"
Huynew Technology,https://www.crunchbase.com/organization/huynew-technology,Information Technology,"270,340",,,,,,,,,,,,,,,"Shenzhen, Guangdong, China",,,,1,,,,Seed,2019-04-01,,,,Seed,,,,Seed,,,,CAS Star,1,1,,,,,,,,,,,,,,Private,,,,,,,,,,,,,,"291,486",,-0.5,-1,6.9,,579.21,-100%,,,,,,,,,,6,,,,,,,,,,,2017-01-01,year,,,For Profit,,,,,Information Technology
Fox Renderfarm,https://www.crunchbase.com/organization/fox-renderfarm,"Advertising, CRM, Information Technology, Social Media","274,618",,Less than $1M,,,,,,,,,,,,,"Shenzhen, Guangdong, China",,101-250,,,,,,,,,,,,,,,,,,,,,,,,,,,,,,,,,,,Private,,,,,,,,,,,,,,"296,039",,-0.3,-0.7,-0.4,"75,179","110,682.77",-42.59%,440,58.98%,5.26,49.39%,58.17%,-9.58%,"439,042","105,895",31.79%,13,,,,,,,,,,,2009-01-01,day,,,For Profit,,,,,"Advertising, Information Technology, Internet Services, Media and Entertainment, Sales and Marketing, Software"
Guanri,https://www.crunchbase.com/organization/guanri,"Information Technology, Software","276,316",,,,,,,,,,,,,,,"Shenzhen, Guangdong, China",,,,2,5520000,USD,5520000,Early Stage Venture,2000-08-01,2380000,USD,2380000,Series B,2380000,USD,2380000,Series B,5520000,USD,5520000,IDG Capital,,1,,,,,,,,,,,,,,Private,,,,,,,,,,,,,,"297,851",,2.8,5.7,6.3,42,127.65,-71.58%,82,,2.49,148.52%,0%,-100%,"33,890,902","4,035,359",13.52%,13,,,,,,,,,,,1999-01-01,year,,,,,,,,"Information Technology, Software"
HelloWorld Robotics,https://www.crunchbase.com/organization/helloworld-robotics,"Artificial Intelligence, Hardware, Information Technology, Machine Learning, Robotics","290,332",,,,,,,,,,,,,,,"Dongguang, Guangdong, China",,1-10,,,,,,,,,,,,,,,,,,,,,,,,,,,,,,,,,,,Private,,,,,,,,,,,,,,"312,838",,0.2,0,-0.1,,41.43,,,,,,,,,,,16,,,,,,,,,,,2018-04-09,day,,,For Profit,,,,,"Artificial Intelligence, Data and Analytics, Hardware, Information Technology, Science and Engineering, Software"
Zuolin,https://www.crunchbase.com/organization/zuolin,"Information Technology, Mobile, Real Estate","290,504",,,,,,,,,,,,,,,"Shenzhen, Guangdong, China",,51-100,,1,,,,Early Stage Venture,2018-02-02,,,,Series A,,,,Series A,,,,China Resources,1,1,,,,,,,,,,,,,,Private,,,,,,,,,,,,,,"313,023",,-0.5,-0.5,-0.4,"34,416","35,181.71",42.58%,"1,143",7.09%,22.43,8.55%,11.53%,-1.21%,"518,237","-128,157",-19.83%,11,20,,,,,,,,,,,,,,For Profit,,,,,"Information Technology, Mobile, Real Estate"
Lizhiweike,https://www.crunchbase.com/organization/lizhiweike,Information Technology,"291,339",,,,,,,,,,,,,,,"Shenzhen, Guangdong, China",,,,1,,,,Early Stage Venture,2017-04-26,,,,Series A,,,,Series A,,,,"Gaorong Capital, GSR Ventures",1,2,,,,,,,,,,,,,,Private,,,,,,,,,,,,,,"313,913",,-0.4,0.1,-0.3,"420,693","387,901.52",111.1%,195,-38.23%,4.41,-34.7%,27.72%,10.12%,"124,082","-51,591",-29.37%,8,1,,,,,,,,,,2016-01-01,year,,,For Profit,,,,,Information Technology
YZ Robot,https://www.crunchbase.com/organization/yz-robot,"Artificial Intelligence, Information Technology, Robotics","294,465",,,,,,,,,,,,,,,"Shenzhen, Guangdong, China",,,,,,,,,,,,,,,,,,,,,,,,,,,,,,,,,,,,,Private,,,,,,,,,,,,,,"317,223",,0.1,1.8,1.5,"1,001","10,435.16",-98.21%,4,-96.5%,1.22,-84.58%,77.07%,76.68%,"13,080,858","12,564,477","2,433.18%",1,5,10,,,,,,,,,2014-10-01,month,,,For Profit,,,,,"Artificial Intelligence, Data and Analytics, Hardware, Information Technology, Science and Engineering, Software"
Wise2c Technology,https://www.crunchbase.com/organization/wise2c-technology-co,"Information Technology, Internet, Robotics, Software","295,933",,,,,,,,,,,,,,,"Shenzhen, Guangdong, China",,,,,,,,,,,,,,,,,,,,,,,,,,,,,,,,,,,,,Private,,,,,,,,,,,,,,"318,803",,1.4,4.8,2.6,"10,393","6,417.81",-1.9%,734,14.19%,8.81,31.11%,20.85%,-6.66%,"1,683,715","-28,764",-1.68%,4,,,,,,,,,,,,,,,,,,,,"Hardware, Information Technology, Internet Services, Science and Engineering, Software"
HYB Battery,https://www.crunchbase.com/organization/hyb-battery,"Battery, Information Technology, Manufacturing","302,894",,,,,,,,,,,,,,,"Shenzhen, Guangdong, China",,,,1,,,,Early Stage Venture,2007-04-19,,,,Series A,,,,Series A,,,,GGV Capital,,1,,,,,,,,,,,,,,Private,,,,,,,,,,,,,,"326,251",,-0.5,-0.1,0,300,185.57,88.2%,30,-18.4%,3.95,49.46%,16.07%,-1.93%,"17,575,027","-7,322,708",-29.41%,5,,,,,,,,,,,1999-01-01,year,,,For Profit,,,,,"Energy, Information Technology, Manufacturing"
TOZI Technology,https://www.crunchbase.com/organization/tozi-technology,"Information Technology, Software","309,187",,,,,,,,,,,,,,,"Shenzhen, Guangdong, China",,,,,,,,,,,,,,,,,,,,,,,,,,,,,,,,,,,,,Private,,,,,,,,,,,,,1,"332,951",,0,1.9,-0.1,31,304.18,-85.32%,,,1,0%,100%,0%,"35,694,988","9,217,926",34.81%,1,,,,,,,,,,,,,,,For Profit,,,,,"Information Technology, Software"
Sennotech,https://www.crunchbase.com/organization/sennotech,"Health Care, Information Technology","318,108",,,,,,,,,,,,,,,"Shenzhen, Guangdong, China",,,,1,,,,Seed,2017-11-14,,,,Seed,,,,Seed,,,,"Cyzone Angel Fund, Midas Capital, Tianjin Venture Capital",1,3,,,,,,,,,,,,,,Private,,,,,,,,,,,,,,"342,459",,0.1,0.6,-0.5,792,"1,112.49",-59.87%,35,"2,551.27%",2.14,70.03%,3.97%,-33.17%,"13,929,605","3,431,870",32.69%,8,7,380,,,,,,,,,,,,,,,,,,"Health Care, Information Technology"
Shenzhen Liantronics,https://www.crunchbase.com/organization/shenzhen-liantronics,"Consumer Electronics, Electronics, Information Technology","328,119",,$1M to $10M,,,,,,,,,,,,,"Shenzhen, Guangdong, China",,11-50,,,,,,,,,,,,,,,,,,,,,,,,,,,,,,,,,,,Private,,,,,,,,,,,,,,"353,078",,-0.3,3.2,0.9,"122,801","79,549.74",303.64%,62,-22.43%,3.03,-12.36%,33.63%,-14.9%,"410,404","-710,140",-63.37%,14,,,,0,0,,Scientific and electric apparatus and instruments,,,,2003-01-01,year,,,,,,,,"Consumer Electronics, Hardware, Information Technology"
Shenzhen Chainway Information Technology Co. Ltd.,https://www.crunchbase.com/organization/shenzhen-chainway-information-technology-co-ltd,Information Technology,"329,400",,,,,,,,,,,,,,,"Shenzhen, Guangdong, China",,251-500,,,,,,,,,,,,,,,,,,,,,,,,,,,,,,,,,,,Private,,,,,,,,,,,,,,"354,454",,-0.3,-0.5,-0.8,"107,434","33,763.44",350.86%,34,-73.83%,2.03,-0.97%,9.6%,-36.61%,"537,084","-885,402",-62.24%,23,,,,0,2,,Scientific and electric apparatus and instruments,,,,2005-01-01,year,,,For Profit,,,,,Information Technology
Vogtec,https://www.crunchbase.com/organization/vogtec,"Computer, Information Technology, Manufacturing, Software, Telecommunications","332,817",,,,,,,,,,,,,,,"Shenzhen, Guangdong, China",,,,,,,,,,,,,,,,,,,,,,,,,,,,,,,,,,,,,Private,,,,,,,,,,,,,1,"358,090",,-0.3,2.7,0,300,181.85,,12,,1.33,,66.77%,,"22,157,109",,,12,,,,,,,,,,,2013-01-01,year,,,For Profit,,,,,"Consumer Electronics, Hardware, Information Technology, Manufacturing, Software"
Semptian,https://www.crunchbase.com/organization/semptian,"Cyber Security, Hardware, Information Technology, Network Hardware, Network Security, Security","337,064",,$1M to $10M,,,,,,,,,,,,,"Shenzhen, Guangdong, China",,,,,,,,,,,,,,,,,,,,,,,,,,,,,,,,,,,,,Private,,,,,,,,,,,,,1,"362,611",,-0.3,1,3.6,"13,341","14,583.69",3.73%,286,-14.71%,8.26,24.24%,19.33%,0.23%,"1,385,011","-135,034",-8.88%,4,,,,,,,,,,,2003-01-01,year,,,For Profit,,,,,"Hardware, Information Technology, Privacy and Security"
Hyun Mi Technology,https://www.crunchbase.com/organization/hyun-mi-technology,"Information Services, Information Technology, Software","343,318",,,,,,,,,,,,,,,"Guangzhou, Guangdong, China",,,,1,,,,Early Stage Venture,2019-04-28,,,,Series A,,,,Series A,,,,,,,,,,,,,,,,,,,,Private,,,,,,,,,,,,,,"369,245",,-1.3,-1.6,5.9,,,,,,,,,,,,,,,,,,,,,,,,2014-01-01,year,,,For Profit,,,,,"Information Technology, Software"
Finance Metadata Information Solution,https://www.crunchbase.com/organization/finance-metadata-information-solution,"Financial Services, Information Technology, Mobile, Software","345,811",,,,,,,,,,,,,,,"Shenzhen, Guangdong, China",,,,,,,,,,,,,,,,,,,,,,,,,,,,,,,,,,,,,Private,,,,,,,,,,,,,2,"371,891",,-0.4,1.6,1,337,136.8,,2,,1.31,,69.03%,,"22,330,575",,,2,,,,,,,,,,,,,,,For Profit,,,,,"Financial Services, Information Technology, Mobile, Software"
ModuleTek,https://www.crunchbase.com/organization/moduletek,"Information Services, Information Technology","355,289",,,,,,,,,,,,,,,"Shenzhen, Guangdong, China",,251-500,,,,,,,,,,,,,,,,,,,,,,,,,,,,,,,,,,,Private,,,,,,,,,,,,,2,"381,941",,-0.4,-0.2,4.1,,,,,,,,,,,,,7,,,,0,1,,Scientific and electric apparatus and instruments,,,,1999-01-01,year,,,For Profit,,,,,Information Technology
"Shenzhen Qidian Technology Co.,LTD",https://www.crunchbase.com/organization/shenzhen-qidian-technology-co-ltd,"Information Technology, Manufacturing, Robotics","359,874",,,,,,,,,,,,,,,"Shenzhen, Guangdong, China",,,,,,,,,,,,,,,,,,,,,,,,,,,,,,,,,,,,,Private,,,,,,,,,,,,,,"386,805",,0.5,-0.2,0.1,,,,,,,,,,,,,10,,,,,,,,,,,2014-07-08,day,,,For Profit,,,,,"Hardware, Information Technology, Manufacturing, Science and Engineering, Software"
National Supercomputer Center in Guangzhou (NSCCGZ),https://www.crunchbase.com/organization/national-supercomputer-center-in-guangzhou-nsccgz,"Analytics, Government, Information Technology, Software","367,585",,,,,,,,,,,,,,,"Guangzhou, Guangdong, China",,,,,,,,,,,,,,,,,,,,,,,,,,,,,,,,,,,,,Private,,,,,,,,,,,,,2,"394,947",,-0.4,-0.1,3.3,273,403.17,-32.29%,279,,7.45,645.49%,50%,-50%,,,,16,,,,,,,,,,,,,,,For Profit,,,,,"Data and Analytics, Government and Military, Information Technology, Software"
Yusys Technologies,https://www.crunchbase.com/organization/yusys-technologies,Information Technology,"372,671",,,,,,,,,,,,,,,"Shenzhen, Guangdong, China",,,,,,,,IPO,,,,,,,,,,,,,,,,,,,,,,,,,,,,,Public,2018-11-07,,,288000000,CNY,41618497,,,,300674,https://www.crunchbase.com/ipo/yusys-technologies-ipo--e8ae3286,SZSE,,"400,365",,2.4,0.8,2.5,,,,,,,,,,,,,,,,,,,,,,,,,,2018-11-07,day,,,,,,Information Technology
iPIN,https://www.crunchbase.com/organization/ipin-com,"Artificial Intelligence, Consulting, Information Technology, Internet, Machine Learning","373,677",,,,,,,,,,,,,,,"Shenzhen, Guangdong, China",1,101-250,Yang Yang,1,,,,Early Stage Venture,2017-05-15,,,,Series B,,,,Series B,,,,SkyChee Ventures,1,1,,,,,,,,,,,,,,Private,,,,,,,,,,,,,,"401,430",,-0.5,-0.7,-0.7,"16,972","7,099.39",121.56%,643,848.14%,7.57,73.86%,19.13%,-5.87%,"1,254,113","-1,023,068",-44.93%,9,,,,,,,,,,,2013-01-01,year,,,For Profit,,,,,"Artificial Intelligence, Data and Analytics, Information Technology, Internet Services, Science and Engineering, Software"
Sino Hotrunner,https://www.crunchbase.com/organization/sino-hotrunner,"Computer, Electronics, Information Technology, Manufacturing","374,082",,,,,,,,,,,,,,,"Dongguang, Guangdong, China",,,,,,,,,,,,,,,,,,,,,,,,,,,,,,,,,,,,,Private,,,,,,,,,,,,,,"401,863",,-0.4,-0.2,-0.4,,52.77,,,,,,,,,,,7,,,,,,,,,,,2002-01-01,year,,,For Profit,,,,,"Consumer Electronics, Hardware, Information Technology, Manufacturing"
Techsun,https://www.crunchbase.com/organization/techsun,"Apps, Information Technology, Software","387,220",,,,,,,,,,,,,,,"Shenzhen, Guangdong, China",,,,1,,,,,2017-06-27,,,,Non-equity Assistance,,,,,,,,Microsoft Accelerator Beijing,,1,,,,,,,,,,,,,,Private,,,,,,,,,,,,,,"415,792",,-0.5,-0.5,-0.8,,,,,,,,,,,,,5,,,,,,,,,,,,,,,For Profit,,,,,"Apps, Information Technology, Software"
Yusan Capital,https://www.crunchbase.com/organization/yusan-capital,"Crowdfunding, Information Technology, Venture Capital","389,683",,,1,,,,,,,,,,,,"Shenzhen, Guangdong, China",,,,,,,,,,,,,,,,,,,,,,,,,,,,,,,,,,,,,Private,,,,,,,,,,,,,,"418,411",,0.8,3.7,0.5,,,,,,,,,,,,,,,,,,,,,,,,2014-05-01,month,,,,,,1,,"Financial Services, Information Technology, Lending and Investments"
Aspire Technologies Shenzhen,https://www.crunchbase.com/organization/aspire-technologies-shenzhen,Information Technology,"397,758",,,,,,,,,,,,,,,"Shenzhen, Guangdong, China",,,,,,,,,,,,,,,,,,,,,,,,,,,,,,,,,,,,,Private,,,,,,,,,,,,,,"426,980",,0.3,-0.8,-0.3,"1,198","1,298.24",-44.02%,269,-25.43%,6.5,22.36%,0%,-13.81%,"7,480,055","2,262,475",43.36%,3,,,,,,,,,,,2000-06-01,month,,,For Profit,,,,,Information Technology
"Shenzhen Honestda Electronic Co., Ltd",https://www.crunchbase.com/organization/shenzhen-honestda-electronic-co-ltd,"3D Printing, CRM, Information Technology, Manufacturing, Software","402,106",,,,,,,,,,,,,,,"Shenzhen, Guangdong, China",,,,,,,,,,,,,,,,,,,,,,,,,,,,,,,,,,,,,Private,,,,,,,,,,,,,1,"431,576",,-0.2,1.7,-0.6,,31.49,,,,,,,,,,,2,,,,,,,,,,,2010-01-01,year,,,,,,,,"Information Technology, Manufacturing, Sales and Marketing, Software"
Meeteasy Technology Limited,https://www.crunchbase.com/organization/meeteasy-technology-limited,"Computer, Drones, Information Technology, Manufacturing","402,182",,,,,,,,,,,,,,,"Shenzhen, Guangdong, China",,11-50,,,,,,,,,,,,,,,,,,,,,,,,,,,,,,,,,,,Private,,,,,,,,,,,,,,"431,659",,-0.3,-0.2,-0.5,996,941.37,-11.45%,32,-66.17%,1.85,-30.5%,57.42%,1.93%,"11,771,740","1,823,478",18.33%,4,,,,,,,,,,,2002-05-06,day,,,For Profit,,,,,"Consumer Electronics, Consumer Goods, Hardware, Information Technology, Manufacturing"
YEESTOR,https://www.crunchbase.com/organization/yeestor,"Data Center, Data Storage, Information Technology","403,054",,,,,,,,,,,,,,,"Shenzhen, Guangdong, China",,,,1,,,,Early Stage Venture,2018-04-16,,,,Series A,,,,Series A,,,,"Glory Ventures, TCL Capital, THG Ventures, TRANSSION, Walden International",1,7,,,,,,,,,,,,,,Private,,,,,,,,,,,,,1,"432,580",,0.9,1.9,1.4,"1,226","1,031.79",44.32%,208,-32.49%,4.1,24.7%,30.74%,-3.97%,"8,553,071","-2,611,691",-23.39%,6,,,,,,,,,,,2017-01-01,year,,,,,,,,"Hardware, Information Technology, Software"
Giada,https://www.crunchbase.com/organization/giada,"Information Technology, Manufacturing","404,167",,Less than $1M,,,,,,,,,,,,,"Shenzhen, Guangdong, China",,,,,,,,,,,,,,,,,,,,,,,,,,,,,,,,,,,,,Private,,,,,,,,,,,,,1,"433,760",,1.8,2.9,-0.2,"14,404","4,270.63",327.65%,154,31.32%,4.85,34.68%,7.98%,-32.73%,"1,688,295","-2,703,481",-61.56%,16,,,5,,,,,,,,1999-01-01,year,,,For Profit,,,,,"Information Technology, Manufacturing"
Bluedon Information Security Technologies,https://www.crunchbase.com/organization/bluedon-information-security-technologies,"Cyber Security, Industrial, Information Technology","409,097",,$50M to $100M,,,,,,,,,,,,,"Guangzhou, Guangdong, China",,,,,,,,,,,,,,,,,,,,,,,,,,,,,,,,,,,,,Private,,,,,,,,,,,,,,"438,989",,-0.3,0.4,-0.2,,,,,,,,,,,,,7,,,,,,,,,,,2000-05-12,day,,,,,,,,"Information Technology, Privacy and Security"
Allgmented Vision,https://www.crunchbase.com/organization/allgmented-vision,"Artificial Intelligence, Augmented Reality, Information Technology, Manufacturing","411,434",,,,,,,,,,,,,,,"Shenzhen, Guangdong, China",,,,,,,,,,,,,,,,,,,,,,,,,,,,,,,,,,,,,Private,,,,,,,,,,,,,1,"441,462",,0.6,1.2,2.6,,,,,,,,,,,,,3,,,,,,,,,,,,,,,For Profit,,,,,"Artificial Intelligence, Data and Analytics, Hardware, Information Technology, Manufacturing, Science and Engineering, Software"
"Shenzhen Sinovo Electric Technology Co., Ltd.",https://www.crunchbase.com/organization/shenzhen-sinovo-electric-technology-co-ltd,"Consumer Electronics, Electronics, Information Technology","414,992",4,,,,,,,,,,,,,,"Shenzhen, Guangdong, China",,,,,,,,,,,,,,,,,,,,,,,,,,,,,,,,,,,,,Private,,,,,,,,,,,,,,"445,184",,2.9,2.6,-0.4,21,339.84,-92.18%,55,0.46%,4,99.26%,0%,-77.11%,"35,130,591","13,886,712",65.37%,5,,,,0,0,,Scientific and electric apparatus and instruments,,,,2006-01-01,year,,,For Profit,,,,,"Consumer Electronics, Hardware, Information Technology"
Bosi Yunwei Technology,https://www.crunchbase.com/organization/bosi-yunwei-technology,"Cloud Computing, Enterprise Software, Information Technology","428,277",,,,,,,,,,,,,,,"Shenzhen, Guangdong, China",,,,,,,,,,,,,,,,,,,,,,,,,,,,,,,,,,,,,Private,,,,,,,,,,,,,,"459,238",,0.9,-0.1,3.1,374,209.89,12.71%,,,1,-72.14%,100%,64.72%,"21,490,491","3,843,191",21.78%,3,,,,,,,,,,,,,,,For Profit,,,,,"Information Technology, Internet Services, Software"
Boxchip,https://www.crunchbase.com/organization/boxchip,"Information Technology, Manufacturing","441,230",,,,,,,,,,,,,,,"Shenzhen, Guangdong, China",,,,,,,,,,,,,,,,,,,,,,,,,,,,,,,,,,,,,Private,,,,,,,,,,,,,1,"472,957",,-0.3,1.6,-0.2,"2,076","4,300.65",-71.34%,124,-9.77%,2.24,-10.83%,41.01%,24.02%,"7,431,077","4,123,034",124.64%,40,,,,,,,,,,,,,,,,,,,,"Information Technology, Manufacturing"
"Shenzhen Hezhongyuan Exhibition Co., Ltd.",https://www.crunchbase.com/organization/shenzhen-hezhongyuan-exhibition-co-ltd,Information Technology,"444,048",,,,,,,,,,,,,,,"Guangzhou, Guangdong, China",,11-50,,,,,,,,,,,,,,,,,,,,,,,,,,,,,,,,,,,Private,,,,,,,,,,,,,1,"475,930",,-0.4,-0.4,-0.7,407,251.2,48.41%,3,-99.88%,1.44,-91.8%,85.36%,85.36%,"19,178,850","6,434,759",50.49%,3,,,,,,,,,,,,,,,,,,,,Information Technology
Payton Technology Shenzhen,https://www.crunchbase.com/organization/payton-technology-shenzhen,"Computer, CRM, Information Technology, Manufacturing","449,849",,,,,,,,,,,,,,,"Shenzhen, Guangdong, China",,,,,,,,,,,,,,,,,,,,,,,,,,,,,,,,,,,,,Private,,,,,,,,,,,,,,"482,077",,0.2,2.6,-0.2,719,355.78,-8.34%,53,-91.63%,8.38,2.19%,32.53%,23.67%,"10,691,846","954,654",9.8%,7,,,,,,,,,,,,,,,For Profit,,,,,"Consumer Electronics, Hardware, Information Technology, Manufacturing, Sales and Marketing, Software"
Dasudian.com,https://www.crunchbase.com/organization/dasudian-com,"Big Data, Industrial, Information Technology","457,458",,,,,,,,,,,,,,,"Shenzhen, Guangdong, China",,,,1,,,,Seed,2018-10-11,,,,Seed,,,,Seed,,,,"Dream Chaser Capital, ShengJing360",,2,,,,,,,,,,,,,,Private,,,,,,,,,,,,,,"490,142",,-0.1,-0.4,-0.9,234,127.32,221.45%,114,,2.37,136.93%,31.53%,-68.47%,"21,842,147","-12,023,057",-35.5%,15,1,,,,,,,,,,2014-12-01,month,,,,,,,,"Data and Analytics, Information Technology"
FATS.AI,https://www.crunchbase.com/organization/fats-ai,"Analytics, Apps, Information Technology, Software","459,096",,,,,,,,,,,,,,,"Shenzhen, Guangdong, China",,11-50,,,,,,,,,,,,,,,,,,,,,,,,,,,,,,,,,,,Private,,,,,,,,,,,,,1,"491,852",,-0.2,4.2,4.3,122,54.52,-23.8%,139,-59.22%,17.75,380.13%,34.88%,-16%,"18,727,205","-6,098,063",-24.56%,18,,,,,,,,,,,2018-03-01,month,,,For Profit,,,,,"Apps, Data and Analytics, Information Technology, Software"
Shenzhen Sinodata Technology,https://www.crunchbase.com/organization/shenzhen-sinodata-technology,Information Technology,"462,850",,$1M to $10M,,,,,,,,,,,,,"Shenzhen, Guangdong, China",,,,,,,,,,,,,,,,,,,,,,,,,,,,,,,,,,,,,Private,,,,,,,,,,,,,,"495,822",,-0.4,-0.5,-0.3,165,225.29,-45.88%,216,-43.33%,4,-80.5%,,,"22,528,824","10,942,574",94.44%,9,,,,,,,,,,,1998-01-01,year,,,For Profit,,,,,Information Technology
Wellav Technologies,https://www.crunchbase.com/organization/wellav-technologies,"Broadcasting, Delivery Service, Information Technology, Telecommunications, Video","464,387",,$1M to $10M,,,,,,,,,,,,,"Huizhou, Guangdong, China",1,251-500,Bill Zou,,,,,,,,,,,,,,,,,,,,,,,,,,,,,,,,,,Private,,,,,,,,,,,,,,"497,449",,-0.2,-0.2,-0.2,,,,,,,,,,,,,22,,,,,,,,,,,2005-01-01,year,,,For Profit,,,,,"Hardware, Information Technology, Media and Entertainment, Transportation, Video"
Shenzhen Suntak Circuit Technology,https://www.crunchbase.com/organization/shenzhen-suntak-circuit-technology,"Computer, Information Technology, Manufacturing, Robotics","467,238",,$500M to $1B,,,,,,,,,,,,,"Shenzhen, Guangdong, China",,11-50,,,,,,,,,,,,,,,,,,,,,,,,,,,,,,,,,,,Private,,,,,,,,,,,,,2,"500,463",,2,2.6,-0.2,"1,506","2,143.27",-53.47%,174,-30.25%,9.2,-44.22%,32.02%,1.92%,"5,638,402","3,011,025",114.6%,3,,,,0,2,,Scientific and electric apparatus and instruments,,,,,,,,,,,,,"Consumer Electronics, Hardware, Information Technology, Manufacturing, Science and Engineering, Software"
IIP Brothers Limited,https://www.crunchbase.com/organization/iip-brothers-limited,"Computer, Information Technology, Robotics, Software","476,462",,$1M to $10M,,,,,,,,,,,,,"Shenzhen, Guangdong, China",,11-50,,,,,,,,,,,,,,,,,,,,,,,,,,,,,,,,,,,Private,,,,,,,,,,,,,,"510,213",,1.6,3.5,1.1,21,14.56,,37,,4,,,,"35,147,223",,,16,,,,,,,,,,,2013-01-01,year,,,,,,,,"Consumer Electronics, Hardware, Information Technology, Science and Engineering, Software"
DIVEVOLK (Zhuhai) Intelligent Tech Co. Ltd,https://www.crunchbase.com/organization/divevolk-zhuhai-intelligent-tech-co-ltd,"CRM, Information Technology, Manufacturing","482,319",,,,,,,,,,,,,,,"Zhuhai, Guangdong, China",,,,,,,,,,,,,,,,,,,,,,,,,,,,,,,,,,,,,Private,,,,,,,,,,,,,,"516,415",,-0.3,-0.6,-1,222,273.64,39.53%,1,-99.77%,1.39,-92.53%,60.6%,15.76%,"24,759,152","8,303,702",50.46%,6,,,,,,,,,,,2017-07-17,day,,,For Profit,,,,,"Information Technology, Manufacturing, Sales and Marketing, Software"
Shenzhen Lanling Software (Landray),https://www.crunchbase.com/organization/shenzhen-lanling-software-landray,"Information Technology, Software","482,356",,,,,,,,,,,,,,,"Shenzhen, Guangdong, China",,,,1,,,,,2018-09-26,,,,Corporate Round,,,,Corporate Round,,,,,,,,,,,,,,,,,,,,Private,,,,,,,,,,,,,,"516,455",,2.1,1,-0.6,189,408.57,,3,,2,,,,"24,566,582",,,9,,,,,,,,,,,,,,,,,,,,"Information Technology, Software"
Secco Century Digital Technology,https://www.crunchbase.com/organization/beijing-secco-century-digital-technology-co-ltd,"Information Technology, News","488,135",,$1M to $10M,,,,,,,,,,,,,"Shenzhen, Guangdong, China",,1-10,,2,,,,Early Stage Venture,2012-09-01,,,,Series B,,,,Series B,,,,Shenzhen Capital Group,,1,,,,,,,,,,,,,,Private,,,,,,,,,,,,,,"522,566",,-0.4,0.1,-0.3,231,121.83,236.93%,,,1,0%,100%,0%,"25,893,926","-8,182,835",-24.01%,2,,,2,,,,,,,,2004-01-01,year,,,,,,,,"Content and Publishing, Information Technology, Media and Entertainment"
Palm Commerce Information Technology,https://www.crunchbase.com/organization/palm-commerce-information-technology,"Developer Platform, E-Commerce, Information Technology","496,836",,,,,,,,,,,,,,,"Tianjin, Guangdong, China",,,,2,15000000,USD,15000000,Early Stage Venture,2007-03-01,,,,Series B,,,,Series B,15000000,USD,15000000,"Intel Capital, JAFCO Asia, Sequoia Capital, Shenzhen Capital Group, SIG China (SIG Asia Investments)",,6,,,,,,,,,,,,,,Private,,,,,,,,,,,,,,"531,830",,-0.4,-0.7,-1,,,,,,,,,,,,,,,,,,,,,,,,2006-03-01,month,,,For Profit,,,,,"Commerce and Shopping, Information Technology, Software"
Shenzhen Chipsbank Technologies,https://www.crunchbase.com/organization/shenzhen-chipsbank-technologies,"Data Storage, Electronics, Information Technology, Smart Home","512,033",,,,,,,,,,,,,,,"Shenzhen, Guangdong, China",,,,,,,,,,,,,,,,,,,,,,,,,,,,,,,,,,,,,Private,,,,,,,,,,,,,,"547,935",,-0.3,-0.2,-0.3,189,241,-56.39%,53,-42.84%,3.36,-33.75%,37.84%,37.84%,,,,3,,,,,,,,,,,2003-01-01,year,,,For Profit,,,,,"Consumer Electronics, Hardware, Information Technology, Real Estate, Software"
LeMaker,https://www.crunchbase.com/organization/lemaker,"Education, Hardware, Information Technology, Innovation Management, Open Source, Software","514,344",1,,,,,,,,,,,,,,"Shenzhen, Guangdong, China",,,,,,,,,,,,,,,,,,,,,,,,,,,,,,,,,,,,,Private,,,,,,,,,,,,,,"550,398",,-0.3,-0.3,-0.3,"45,268","51,093.36",5.08%,226,93.29%,2.39,9.78%,52.01%,1.74%,"858,721","-5,641",-0.65%,16,,,,,,,,,,,2014-03-01,month,,,For Profit,,,,,"Education, Hardware, Information Technology, Software"
StreamTease International Ltd.,https://www.crunchbase.com/organization/streamtease-international-ltd,Information Technology,"522,037",,$1M to $10M,,,,,,,,,,,,,"Shenzhen, Guangdong, China",1,11-50,Mihran Papazian,,,,,,,,,,,,,,,,,,,,,,,,,,,,,,,,,,Private,,,,,,,,,,,,,,"558,550",,1.8,-0.2,2.4,,,,,,,,,,,,,18,,,4,,,,,,,,2006-01-01,year,,,,,,,,Information Technology
ParaEngine,https://www.crunchbase.com/organization/paraengine,"3D Technology, Information Technology, ISP","523,042",,,,,,,,,,,,,,,"Shenzhen, Guangdong, China",1,,Xishi Li,2,,,,Late Stage Venture,2008-02-01,,,,Series C,,,,Series C,,,,IDG Capital,,1,,,,,,,,,,,,,,Private,,,,,,,,,,,,,,"559,616",,-0.3,0.9,-0.3,,,,,,,,,,,,,2,,,,,,,,,,,2005-01-01,year,,,For Profit,,,,,"Hardware, Information Technology, Internet Services, Software"
智亁区块链科技有限公司,https://www.crunchbase.com/organization/智亁区块链科技有限公司,"Government, Information Technology","533,288",,,,,,,,,,,,,,,"Shenzhen, Guangdong, China",,11-50,,,,,,,,,,,,,,,,,,,,,,,,,,,,,,,,,,,Private,,,,,,,,,,,,,,"570,531",,-0.2,-0.6,-0.6,596,"1,923.19",106.73%,,,1,-18.86%,100%,23.24%,"17,581,903","-5,328,824",-23.26%,6,,,,,,,,,,,2017-09-06,day,,,For Profit,,,,,"Government and Military, Information Technology"
CCT,https://www.crunchbase.com/organization/cct,Information Technology,"536,258",,,1,0,,,,,,,,,,,"Shenzhen, Guangdong, China",,,,,,,,,,,,,,,,,,,,,,,,,,,,,,,,,,,,,Private,,,,,,,,,,,,,1,"573,728",,1.2,0.9,3.3,,190.83,,,,,,,,,,,4,,,,,,,,,,,2007-01-01,year,,,For Profit,,,1,,Information Technology
Cardzgroup,https://www.crunchbase.com/organization/donna-garcia,Information Technology,"536,392",,$1M to $10M,,,,,,,,,,,,,"Shenzhen, Guangdong, China",1,11-50,James Baillie,,,,,,,,,,,,,,,,,,,,,,,,,,,,,,,,,,Private,,,,,,,,,,,,,,"573,871",,-0.1,1,0,183,"1,915.31",-68.1%,36,"2,610.14%",1.5,8.78%,50.22%,-12.09%,"26,135,973","9,183,061",54.17%,10,,,,,,,,,,,2016-04-10,day,,,,,,,,Information Technology
Shenzhen HKT Electronic Science & Technology,https://www.crunchbase.com/organization/shenzhen-hkt-electronic-science-technology,"Electronics, Information Technology, Manufacturing","539,884",,$10M to $50M,,,,,,,,,,,,,"Shenzhen, Guangdong, China",,51-100,,,,,,,,,,,,,,,,,,,,,,,,,,,,,,,,,,,Private,,,,,,,,,,,,,,"577,574",,-0.2,0.9,2.1,,61.42,-100%,,,,,,,,,,7,,,,,,,,,,,2003-01-01,year,,,,,,,,"Consumer Electronics, Hardware, Information Technology, Manufacturing"
ANGLE Environmental Technology,https://www.crunchbase.com/organization/angle-environmental-technology,"Information Technology, Manufacturing","540,531",,,,,,,,,,,,,,,"Guangzhou, Guangdong, China",,,,,,,,,,,,,,,,,,,,,,,,,,,,,,,,,,,,,Private,,,,,,,,,,,,,1,"578,267",,-0.2,-0.4,0,,7.45,-100%,,,,,,,,,,1,,,,,,,,,,,2009-01-01,year,,,For Profit,,,,,"Information Technology, Manufacturing"
Zhuhai Xinyou,https://www.crunchbase.com/organization/zhuhai-xinyou,"Gamification, Gaming, Information Technology","551,855",,,,,,,,,,,,,,,"Zhuhai, Guangdong, China",,,,1,,,,Early Stage Venture,2011-07-01,,,,Series A,,,,Series A,,,,Sinovation Ventures,,1,,,,,,,,,,,,,,Private,,,,,,,,,,,,,,"590,318",,-0.1,-0.2,-1.4,"154,017","71,077.91",325.05%,23,-85.29%,1.19,-54.17%,37.05%,-18.99%,"471,905","-413,409",-46.7%,10,,,,,,,,,,,2011-01-01,year,,,For Profit,,,,,"Gaming, Information Technology"
Will-Jet(GZ) Mark code Technology,https://www.crunchbase.com/organization/will-jet-gz-mark-code-technology,"Consumer Electronics, Information Technology, Manufacturing, Software","554,384",,,,,,,,,,,,,,,"Guangzhou, Guangdong, China",,,,,,,,,,,,,,,,,,,,,,,,,,,,,,,,,,,,,Private,,,,,,,,,,,,,1,"593,010",,-0.2,0.9,-0.5,,,,,,,,,,,,,,,,,,,,,,,,2005-01-01,year,,,For Profit,,,,,"Consumer Electronics, Hardware, Information Technology, Manufacturing, Software"
Airness Technology,https://www.crunchbase.com/organization/airness-technology,"Consulting, Information Technology","561,714",,,,,,,,,,,,,,,"Shenzhen, Guangdong, China",,,,,,,,,,,,,,,,,,,,,,,,,,,,,,,,,,,,,Private,,,,,,,,,,,,,,"600,840",,-0.2,-0.8,2.5,,,,,,,,,,,,,10,,,,,,,,,,,2018-01-01,year,,,For Profit,,,,,Information Technology
Guangdong Rising Assets Management,https://www.crunchbase.com/organization/guangdong-rising-assets-management,"Asset Management, Finance, Information Technology","568,726",,,1,1,,,,,,,,,,,"Guangzhou, Guangdong, China",,,,,,,,,,,,,,,,,,,,,,,,,,,,,,,,,,,,,Private,,,,,,,,,,,,,,"608,366",,-0.2,2.4,2.4,"2,639","13,126.51",69.58%,145,197.24%,3.67,-25.59%,53.73%,34.26%,"5,221,594","-2,411,871",-31.6%,1,,,,,,,,,,,1999-09-30,day,,,,,,1,,"Financial Services, Information Technology"
BUSIN technology,https://www.crunchbase.com/organization/busin-technology,"Information Technology, Manufacturing, Software","574,205",,$10M to $50M,,,,,,,,,,,,,"Huizhou, Guangdong, China",,251-500,,,,,,,,,,,,,,,,,,,,,,,,,,,,,,,,,,,Private,,,,,,,,,,,,,1,"614,207",,-0.2,-0.1,-0.3,,337,-100%,,,,,,,,,,16,,,,,,,,,,,2012-01-01,year,,,For Profit,,,,,"Information Technology, Manufacturing, Software"
Shenzhen Wei Wen Electronic Technology,https://www.crunchbase.com/organization/shenzhen-wei-wen-electronic-technology,"Information Technology, Manufacturing, Security","580,048",,,,,,,,,,,,,,,"Shenzhen, Guangdong, China",,,,,,,,,,,,,,,,,,,,,,,,,,,,,,,,,,,,,Private,,,,,,,,,,,,,,"620,451",,-0.2,-0.2,-0.3,,,,,,,,,,,,,2,,,,,,,,,,,,,,,For Profit,,,,,"Information Technology, Manufacturing, Privacy and Security"
Shenzhen Lianheng Technology,https://www.crunchbase.com/organization/shenzhen-lianheng-technology,"Computer, Electronics, Information Technology, Manufacturing","590,535",,,,,,,,,,,,,,,"Shenzhen, Guangdong, China",,1-10,,,,,,M&A,,,,,,,,,,,,,,,,,Was Acquired,Shenzhen Lianheng Technology acquired by Wuhan Yangtze Communications Industry Group,https://www.crunchbase.com/acquisition/wuhan-yangtze-communications-industry-group-acquires-shenzhen-lianheng-technology--57a41025,Wuhan Yangtze Communications Industry Group,https://www.crunchbase.com/organization/wuhan-yangtze-communications-industry-group,2010-05-20,day,,,,,,Private,,,,,,,,,,,,,,"631,690",,-0.1,-0.2,-0.3,,,,,,,,,,,,,6,,,8,,,,,,,,1996-01-01,year,2010-05-20,day,,,,,,"Consumer Electronics, Hardware, Information Technology, Manufacturing"
BoXingDa,https://www.crunchbase.com/organization/boxingda,"Digital Marketing, Information Technology","594,762",,,,,,,,,,,,,,,"Shenzhen, Guangdong, China",,,,1,,,,Seed,2015-01-01,,,,Angel,,,,Angel,,,,Empower Investment,,1,,,,,,,,,,,,,,Private,,,,,,,,,,,,,,"636,215",,-0.1,0,-0.9,,,,,,,,,,,,,,,,,,,,,,,,2015-12-01,month,,,For Profit,,,,,"Information Technology, Sales and Marketing"
ELS Technology,https://www.crunchbase.com/organization/els-technology,Information Technology,"597,890",,,,,,,,,,,,,,,"Shenzhen, Guangdong, China",,,,1,,,,Early Stage Venture,2018-03-07,,,,Series B,,,,Series B,,,,"Fosun RZ Capital, HMC Ventures, NCF Group",1,3,,,,,,,,,,,,,,Private,,,,,,,,,,,,,,"639,585",,-0.3,-0.8,-0.6,,,,,,,,,,,,,,,,,,,,,,,,,,,,,,,,,Information Technology
Maijing Gene,https://www.crunchbase.com/organization/maijing-gene,Information Technology,"607,972",,,,,,,,,,,,,,,"Guangzhou, Guangdong, China",,,,1,,,,Early Stage Venture,2018-04-27,,,,Series A,,,,Series A,,,,Shenzhen Capital Group,1,1,,,,,,,,,,,,,,Private,,,,,,,,,,,,,,"650,433",,-0.2,-0.3,-0.8,,,,,,,,,,,,,,,,,,,,,,,,,,,,,,,,,Information Technology
Shenzhen Brother Young Development,https://www.crunchbase.com/organization/shenzhen-brother-young-development,Information Technology,"611,507",,$10M to $50M,,,,,,,,,,,,,"Shenzhen, Guangdong, China",,51-100,,,,,,,,,,,,,,,,,,,,,,,,,,,,,,,,,,,Private,,,,,,,,,,,,,1,"654,230",,-0.1,1,0.2,68,45.96,,751,,2,,,,"32,575,501",,,9,,,,,,,,,,,2002-01-01,year,,,,,,,,Information Technology
KDK Labs,https://www.crunchbase.com/organization/kdk-labs,"Electronics, Hardware, Information Technology, Internet, Software","615,895",,,,,,,,,,,,,,,"Shenzhen, Guangdong, China",,1-10,,,,,,,,,,,,,,,,,,,,,,,,,,,,,,,,,,,Private,,,,,,,,,,,,,,"658,978",,-0.1,-0.4,-0.3,,13.68,,,,,,,,,,,16,,,,,,,,,,,,,,,For Profit,,,,,"Consumer Electronics, Hardware, Information Technology, Internet Services, Software"
Konview Electronics Corporation Limited,https://www.crunchbase.com/organization/konview-electronics-corporation-limited,Information Technology,"624,868",,,,,,,,,,,,,,,"Guangzhou, Guangdong, China",,101-250,,,,,,,,,,,,,,,,,,,,,,,,,,,,,,,,,,,Private,,,,,,,,,,,,,,"668,703",,-0.1,-0.3,-0.2,,92.84,-100%,,,,,,,,,,7,,,,,,,,,,,,,,,For Profit,,,,,Information Technology
Weyoung,https://www.crunchbase.com/organization/weyoung,"Business Development, Information Technology, Innovation Management","627,391",,,,,,,,,,,,,,,"Shenzhen, Guangdong, China",,,,,,,,,,,,,,,,,,,,,,,,,,,,,,,,,,,,,Private,,,,,,,,,,,,,,"671,406",,-0.1,1.6,1.4,,161.47,-100%,,,,,,,,,,,,,,,,,,,,,2014-01-01,year,,,For Profit,,,,,Information Technology
Tronlong,https://www.crunchbase.com/organization/tronlong,Information Technology,"628,154",,,,,,,,,,,,,,,"Guangzhou, Guangdong, China",,,,,,,,,,,,,,,,,,,,,,,,,,,,,,,,,,,,,Private,,,,,,,,,,,,,1,"672,233",,0,-0.3,-0.7,"3,674","13,724.11",-27%,184,-10.71%,3.79,-0.75%,31.5%,16.81%,"4,173,878","916,168",28.12%,10,,,,,,,,,,,2013-01-01,year,,,For Profit,,,,,Information Technology
Shenzhen Donglihua Technology,https://www.crunchbase.com/organization/shenzhen-donglihua-technology,"Information Technology, Manufacturing","629,392",,,,,,,,,,,,,,,"Shenzhen, Guangdong, China",,,,,,,,,,,,,,,,,,,,,,,,,,,,,,,,,,,,,Private,,,,,,,,,,,,,1,"673,572",,-0.1,-0.1,-0.8,,,,,,,,,,,,,,,,,,,,,,,,2008-01-01,year,,,For Profit,,,,,"Information Technology, Manufacturing"
iTech Holdings Limited,https://www.crunchbase.com/organization/itech-holdings-limited,"Advice, Consulting, Impact Investing, Information Technology","656,828",,,,,,,,,,,,,,,"Shenzhen, Guangdong, China",,,,,,,,,,,,,,,,,,,,,,,,,,,,,,,,,,,,,Private,,,,,,,,,,,,,,"703,396",,-0.1,-0.3,-0.5,,,,,,,,,,,,,2,,,,,,,,,,,2004-01-01,year,,,For Profit,,,,,"Financial Services, Information Technology, Lending and Investments, Media and Entertainment"
Gtel Call Centre,https://www.crunchbase.com/organization/gtel-call-centre,"Communications Infrastructure, Information Technology","677,361",,,,,,,,,,,,,,,"Bijiang, Guangdong, China",,,,1,,,,,2007-08-01,,,,Venture - Series Unknown,,,,Venture - Series Unknown,,,,Capital Today,,1,,,,,,,,,,,,,,Private,,,,,,,,,,,,,,"725,727",,-0.1,-0.3,0.4,,,,,,,,,,,,,,,,,,,,,,,,,,,,,,,,,"Hardware, Information Technology"
Shen zhen XC Smartcard,https://www.crunchbase.com/organization/shen-zhen-xc-smartcard,"Information Technology, Marketing","679,136",,,,,,,,,,,,,,,"Shenzhen, Guangdong, China",,,,,,,,,,,,,,,,,,,,,,,,,,,,,,,,,,,,,Private,,,,,,,,,,,,,1,"727,623",,0,-0.1,-0.3,,47.41,-100%,,,,,,,,,,4,,,,,,,,,,,2003-01-01,year,,,For Profit,,,,,"Information Technology, Sales and Marketing"
Chomp Microelectronics,https://www.crunchbase.com/organization/chomp-microelectronics,"Information Technology, Software","680,912",,,,,,,,,,,,,,,"Shenzhen, Guangdong, China",,,,,,,,,,,,,,,,,,,,,,,,,,,,,,,,,,,,,Private,,,,,,,,,,,,,,"729,562",,0.5,0.3,0,,,,,,,,,,,,,,,,,,,,,,,,2001-01-01,year,,,For Profit,,,,,"Information Technology, Software"
Shenzhen Flat Panel Display Industry Association,https://www.crunchbase.com/organization/shenzhen-flat-panel-display-industry-association,"Advertising, Consumer Electronics, Information Technology, Marketing","682,395",,,,,,,,,,,,,,,"Shenzhen, Guangdong, China",,51-100,,,,,,,,,,,,,,,,,,,,,,,,,,,,,,,,,,,Private,,,,,,,,,,,,,1,"731,169",,0,-0.1,-0.7,,,,,,,,,,,,,,,,,,,,,,,,2005-01-01,year,,,Non-profit,,,,,"Advertising, Consumer Electronics, Hardware, Information Technology, Sales and Marketing"
RMG Jia'an Technology,https://www.crunchbase.com/organization/rmg-jia-an-technology,"Information Technology, Security, Software","697,369",,,,,,,,,,,,,,,"Guangzhou, Guangdong, China",,,,,,,,,,,,,,,,,,,,,,,,,,,,,,,,,,,,,Private,,,,,,,,,,,,,,"747,473",,0,-0.2,-0.1,,,,,,,,,,,,,,,,,,,,,,,,2000-01-01,year,,,For Profit,,,,,"Information Technology, Privacy and Security, Software"
"Hong Kong Reel Sea Ship Service Co., ltd",https://www.crunchbase.com/organization/hong-kong-reel-sea-ship-service-co-ltd,Information Technology,"711,378",,,,,,,,,,,,,,,"Guangzhou Shi, Guangdong, China",,,,,,,,,,,,,,,,,,,,,,,,,,,,,,,,,,,,,Private,,,,,,,,,,,,,,"762,784",,0,-0.1,-0.1,,,,,,,,,,,,,,,,,,,,,,,,,,,,,,,,,Information Technology
Nelco Technology (Zhuhai FTZ),https://www.crunchbase.com/organization/nelco-technology-zhuhai-ftz,"Electronics, Information Technology, Manufacturing","712,904",,,,,,,,,,,,,,,"Zhuhai, Guangdong, China",,,,,,,,M&A,,,,,,,,,,,,,,,,,Was Acquired,Nelco Technology (Zhuhai FTZ) acquired by Park Electrochemical,https://www.crunchbase.com/acquisition/park-electrochemical-acquires-nelco-technology-zhuhai-ftz--64d73bad,Park Electrochemical,https://www.crunchbase.com/organization/park-electrochemical,2003-01-01,day,,,,Acquisition,,Private,,,,,,,,,,,,,,"764,463",,0,0,-0.1,,,,,,,,,,,,,,,,,,,,,,,,,,2003-01-01,day,For Profit,,,,,"Consumer Electronics, Hardware, Information Technology, Manufacturing"
